6/29/2010,19,25,17.54,23.89,18766300,23.89
6/30/2010,25.79,30.42,23.3,23.83,17187100,23.83
07/01/2010,25,25.92,20.27,21.96,8218800,21.96
07/02/2010,23,23.1,18.71,19.2,5139800,19.2
07/06/2010,20,20,15.83,16.11,6866900,16.11
07/07/2010,16.4,16.63,14.98,15.8,6921700,15.8
07/08/2010,16.14,17.52,15.57,17.46,7711400,17.46
07/09/2010,17.58,17.9,16.55,17.4,4050600,17.4
07/12/2010,17.95,18.07,17,17.05,2202500,17.05
7/13/2010,17.39,18.64,16.9,18.14,2680100,18.14
7/14/2010,17.94,20.15,17.76,19.84,4195200,19.84
7/15/2010,19.94,21.5,19,19.89,3739800,19.89
7/16/2010,20.7,21.3,20.05,20.64,2621300,20.64
7/19/2010,21.37,22.25,20.92,21.91,2486500,21.91
7/20/2010,21.85,21.85,20.05,20.3,1825300,20.3
7/21/2010,20.66,20.9,19.5,20.22,1252500,20.22
7/22/2010,20.5,21.25,20.37,21,957800,21
7/23/2010,21.19,21.56,21.06,21.29,653600,21.29
7/26/2010,21.5,21.5,20.3,20.95,922200,20.95
7/27/2010,20.91,21.18,20.26,20.55,619700,20.55
7/28/2010,20.55,20.9,20.51,20.72,467200,20.72
7/29/2010,20.77,20.88,20,20.35,616000,20.35
7/30/2010,20.2,20.44,19.55,19.94,426900,19.94
08/02/2010,20.5,20.97,20.33,20.92,718100,20.92
08/03/2010,21,21.95,20.82,21.95,1230500,21.95
08/04/2010,21.95,22.18,20.85,21.26,913000,21.26
08/05/2010,21.54,21.55,20.05,20.45,796200,20.45
08/06/2010,20.1,20.16,19.52,19.59,741900,19.59
08/09/2010,19.9,19.98,19.45,19.6,812700,19.6
08/10/2010,19.65,19.65,18.82,19.03,1281300,19.03
08/11/2010,18.69,18.88,17.85,17.9,797600,17.9
08/12/2010,17.8,17.9,17.39,17.6,691000,17.6
8/13/2010,18.18,18.45,17.66,18.32,634000,18.32
8/16/2010,18.45,18.8,18.26,18.78,485800,18.78
8/17/2010,18.96,19.4,18.78,19.15,447900,19.15
8/18/2010,19.59,19.59,18.6,18.77,601300,18.77
8/19/2010,18.54,19.25,18.33,18.79,579100,18.79
8/20/2010,18.65,19.11,18.51,19.1,296000,19.1
8/23/2010,19.09,20.39,19,20.13,1088100,20.13
8/24/2010,19.25,19.71,18.95,19.2,673100,19.2
8/25/2010,19.16,19.98,18.56,19.9,503300,19.9
8/26/2010,19.89,20.27,19.6,19.75,433800,19.75
8/27/2010,19.75,19.87,19.5,19.7,379600,19.7
8/30/2010,19.7,20.19,19.61,19.87,732800,19.87
8/31/2010,19.66,19.79,19.33,19.48,201100,19.48
09/01/2010,19.62,20.69,19.6,20.45,494900,20.45
09/02/2010,20.37,21.24,20.31,21.06,487100,21.06
09/03/2010,20.87,21.3,20.66,21.05,434600,21.05
09/07/2010,20.61,21,20.5,20.54,243400,20.54
09/08/2010,20.66,20.95,20.6,20.9,288400,20.9
09/09/2010,21,21.05,20.69,20.71,376200,20.71
09/10/2010,20.75,20.93,19.76,20.17,386600,20.17
9/13/2010,20.89,20.9,20.5,20.72,360800,20.72
9/14/2010,20.54,21.6,20.53,21.12,654700,21.12
9/15/2010,20.98,22,20.79,21.98,684600,21.98
9/16/2010,22.15,23.16,20.84,20.94,2684500,20.94
9/17/2010,21.02,21.32,19.8,20.23,1198500,20.23
9/20/2010,20.67,21.35,20.16,21.06,947500,21.06
9/21/2010,20.89,21.55,20.67,20.77,796000,20.77
9/22/2010,20.87,20.95,19.8,19.87,962900,19.87
9/23/2010,19.89,20.14,19.5,19.56,668100,19.56
9/24/2010,19.95,20.19,19.65,20.1,578900,20.1
9/27/2010,20.4,20.81,20.05,20.53,418600,20.53
9/28/2010,21.04,21.49,20.76,21.4,1214500,21.4
9/29/2010,21.19,22.03,21.13,21.98,1969300,21.98
9/30/2010,22,22.15,20.19,20.41,2195800,20.41
10/01/2010,20.69,20.75,20.31,20.6,597700,20.6
10/04/2010,20.43,21.17,20.3,20.99,643600,20.99
10/05/2010,21.15,21.28,21.01,21.12,332000,21.12
10/06/2010,21.06,21.26,20.32,20.46,313400,20.46
10/07/2010,20.57,20.64,20.34,20.43,141000,20.43
10/08/2010,20.43,20.79,20.39,20.43,267800,20.43
10/11/2010,20.44,20.7,20.07,20.24,171200,20.24
10/12/2010,20.2,20.28,20.03,20.24,244000,20.24
10/13/2010,20.64,20.85,20.36,20.54,318200,20.54
10/14/2010,21,21.03,20.4,20.75,294800,20.75
10/15/2010,20.89,20.9,20.25,20.54,284700,20.54
10/18/2010,20.52,20.64,20.22,20.23,162800,20.23
10/19/2010,20.2,20.41,20,20.05,245200,20.05
10/20/2010,20.16,20.69,20.04,20.65,312500,20.65
10/21/2010,20.61,20.95,20.45,20.75,417100,20.75
10/22/2010,20.68,20.93,20.55,20.72,161100,20.72
10/25/2010,20.94,20.98,20.73,20.85,118500,20.85
10/26/2010,20.8,21.87,20.51,21.36,660900,21.36
10/27/2010,21.25,21.38,20.65,21,356500,21
10/28/2010,21.39,21.5,20.96,21.19,224200,21.19
10/29/2010,21.14,21.85,21.05,21.84,280600,21.84
11/01/2010,21.94,22.75,21.31,21.41,455800,21.41
11/02/2010,21.68,21.88,21.05,21.25,322500,21.25
11/03/2010,21.28,22.5,21.16,21.77,372600,21.77
11/04/2010,22.6,25.33,22.15,24.9,1874000,24.9
11/05/2010,24.87,24.97,23.72,24.44,1011000,24.44
11/08/2010,24.5,25,24.03,24.98,509500,24.98
11/09/2010,25,25.69,24.05,24.63,956400,24.63
11/10/2010,24.48,29.97,24.05,29.36,3060500,29.36
11/11/2010,28.6,29.1,27.33,28.04,1945300,28.04
11/12/2010,28.25,30.5,28.07,29.84,2729100,29.84
11/15/2010,30.22,32.94,30.22,30.8,2622900,30.8
11/16/2010,31,31.4,28.42,29.67,1347600,29.67
11/17/2010,30.2,30.75,28.61,29.49,750000,29.49
11/18/2010,30.67,30.74,28.92,29.89,956100,29.89
11/19/2010,30.16,31.37,29.7,30.99,1150500,30.99
11/22/2010,31.57,33.45,31.5,33.4,1529700,33.4
11/23/2010,33.29,35.68,32.19,34.57,1577800,34.57
11/24/2010,35.27,35.97,34.33,35.47,1425000,35.47
11/26/2010,35.6,36,34.75,35.32,350600,35.32
11/29/2010,35.41,35.95,33.33,34.33,1145600,34.33
11/30/2010,33.74,35.33,33.41,35.33,2222600,35.33
12/01/2010,35.87,36.42,33.45,34.35,1299200,34.35
12/02/2010,34.01,34.3,31.2,32.35,2007000,32.35
12/03/2010,32.01,32.25,30.87,31.49,1160100,31.49
12/06/2010,31.35,31.45,29.56,30.31,1274400,30.31
12/07/2010,30.49,32.4,30.05,31.56,1311300,31.56
12/08/2010,32.48,32.49,31.52,32.37,660000,32.37
12/09/2010,32.51,32.72,31.65,32.05,406000,32.05
12/10/2010,32.05,32.92,31.13,31.52,429400,31.52
12/13/2010,31.64,31.77,30.4,30.55,410400,30.55
12/14/2010,30.29,30.39,27.76,28.53,1765700,28.53
12/15/2010,28.67,29.97,28.53,29.6,742900,29.6
12/16/2010,30,30.91,29.65,30.81,790100,30.81
12/17/2010,31.34,31.54,30.71,31.36,813000,31.36
12/20/2010,31.64,32.19,31.26,31.7,523400,31.7
12/21/2010,31.8,32.69,31.71,32.26,777700,32.26
12/22/2010,32.25,32.86,31.7,32.63,833300,32.63
12/23/2010,31.26,32.48,29.92,30.09,1552600,30.09
12/27/2010,28.02,28.58,25.06,25.55,9301900,25.55
12/28/2010,25.85,26.75,25,26.41,4056300,26.41
12/29/2010,27.03,28.01,26.5,27.73,3319200,27.73
12/30/2010,27.7,27.9,26.38,26.5,2041100,26.5
12/31/2010,26.57,27.25,26.5,26.63,1417900,26.63
01/03/2011,26.84,27,25.9,26.62,1283000,26.62
01/04/2011,26.66,26.95,26.02,26.67,1187400,26.67
01/05/2011,26.48,26.9,26.19,26.83,1446700,26.83
01/06/2011,26.83,28,26.81,27.88,2061200,27.88
01/07/2011,28,28.58,27.9,28.24,2247900,28.24
01/10/2011,28.17,28.68,28.05,28.45,1342700,28.45
01/11/2011,28.59,28.71,26.92,26.96,1710200,26.96
01/12/2011,27.01,27.4,26.52,26.96,964400,26.96
1/13/2011,26.96,26.97,26.16,26.22,723600,26.22
1/14/2011,26.15,26.58,25.61,25.75,1192000,25.75
1/18/2011,25.48,25.64,24.75,25.64,1621700,25.64
1/19/2011,25.27,25.47,23.75,24.03,2371500,24.03
1/20/2011,24.03,24.45,22.37,22.62,2279900,22.62
1/21/2011,23.12,23.59,22.71,23.04,1217000,23.04
1/24/2011,23.53,24.81,23.23,24.49,1645100,24.49
1/25/2011,24.65,24.89,24.02,24.68,1271500,24.68
1/26/2011,24.71,24.88,24.1,24.75,1079900,24.75
1/27/2011,24.74,25.08,24.53,24.92,895700,24.92
1/28/2011,24.88,24.88,23.75,24.01,1048400,24.01
1/31/2011,24.05,24.12,23.5,24.1,830300,24.1
02/01/2011,24.31,24.73,23.54,23.91,707800,23.91
02/02/2011,24.16,24.18,23.67,23.94,569500,23.94
02/03/2011,23.82,23.9,23.15,23.63,512000,23.63
02/04/2011,23.44,23.67,23.22,23.46,544000,23.46
02/07/2011,23.26,23.26,22.88,23.07,895100,23.07
02/08/2011,23.78,25.25,23,24.49,3504900,24.49
02/09/2011,24.13,24.18,22.79,23.21,2635600,23.21
02/10/2011,23.26,23.64,22.81,23.22,836100,23.22
02/11/2011,23.25,23.75,22.94,23.25,634500,23.25
2/14/2011,23.64,24.14,23.05,23.08,1283100,23.08
2/15/2011,23.01,23.17,22.56,22.84,953700,22.84
2/16/2011,23.1,24.97,23.07,24.73,4115100,24.73
2/17/2011,24.63,25.49,23.55,23.6,2618400,23.6
2/18/2011,23.33,23.49,22.96,23.18,2370700,23.18
2/22/2011,22.88,23,21.78,21.87,2064600,21.87
2/23/2011,22.18,22.5,21.11,21.83,1605600,21.83
2/24/2011,21.78,22.58,21.5,22.53,1055300,22.53
2/25/2011,22.81,23.85,22.69,23.61,1346300,23.61
2/28/2011,23.74,24.1,23.5,23.89,1051200,23.89
03/01/2011,24.05,24.32,23.7,23.94,1106400,23.94
03/02/2011,23.82,24.28,23.73,24.02,663300,24.02
03/03/2011,24.48,24.79,24.06,24.36,640200,24.36
03/04/2011,24.48,24.99,23.78,24.95,1580100,24.95
03/07/2011,24.93,25.4,24.7,24.94,2033600,24.94
03/08/2011,24.6,24.96,24,24.66,1399900,24.66
03/09/2011,24.66,24.99,24.27,24.72,924800,24.72
03/10/2011,24.44,24.49,23.73,24.01,1017000,24.01
03/11/2011,23.85,24.25,23.53,24.07,930800,24.07
3/14/2011,23.82,24,23.2,23.25,1166000,23.25
3/15/2011,22.2,22.96,21.8,22.95,1318800,22.95
3/16/2011,22.86,23.25,22.69,22.82,1169700,22.82
3/17/2011,23.24,23.43,22.64,22.81,922600,22.81
3/18/2011,23.19,23.19,22.51,22.96,687900,22.96
3/21/2011,23.05,23.05,22.54,22.73,411700,22.73
3/22/2011,22.73,22.86,22,22.19,582900,22.19
3/23/2011,22.11,22.27,21.77,22.21,422800,22.21
3/24/2011,22.14,22.38,21.98,22.33,462200,22.33
3/25/2011,22.43,23,22.4,22.75,568000,22.75
3/28/2011,22.7,23.54,22.55,23.25,1058100,23.25
3/29/2011,23.3,24,23.21,23.92,755400,23.92
3/30/2011,24.11,24.49,23.01,23.71,1223300,23.71
3/31/2011,26.55,28.71,26.5,27.75,11517800,27.75
04/01/2011,27.45,28.18,26.57,26.66,2864800,26.66
04/04/2011,26.83,27,25.23,25.83,2609300,25.83
04/05/2011,25.9,27,25.69,26.7,3180900,26.7
04/06/2011,26.99,27.01,25.8,26.49,1288300,26.49
04/07/2011,26.85,27.94,26.45,27.24,2810300,27.24
04/08/2011,27.58,27.6,26.36,26.49,1946400,26.49
04/11/2011,26.47,26.53,25.02,25.27,1369400,25.27
04/12/2011,25.08,25.21,24.3,24.65,1357400,24.65
4/13/2011,25.13,25.69,24.81,24.93,1211500,24.93
4/14/2011,24.87,25.28,24.2,25.14,983400,25.14
4/15/2011,25.65,26.18,25.41,25.58,943500,25.58
4/18/2011,25.13,25.62,24.36,25.03,1033900,25.03
4/19/2011,25.26,25.26,24.65,25.16,548700,25.16
4/20/2011,25.7,26.09,25.3,25.75,837200,25.75
4/21/2011,25.85,26.98,25.59,26.74,1386100,26.74
4/25/2011,26.7,26.73,25.97,26.39,800900,26.39
4/26/2011,26.66,27.25,26.31,26.93,1400000,26.93
4/27/2011,26.93,27.36,26.63,27.08,996900,27.08
4/28/2011,27.07,27.69,26.72,27.66,1600000,27.66
4/29/2011,27.69,27.87,27.42,27.6,726000,27.6
05/02/2011,27.6,27.8,27.06,27.45,784600,27.45
05/03/2011,27.38,27.39,26.5,26.87,913900,26.87
05/04/2011,26.78,27,25.75,26.69,1044500,26.69
05/05/2011,27.2,27.44,26.17,26.44,1218500,26.44
05/06/2011,26.9,27.7,26.62,27.12,981700,27.12
05/09/2011,27,28,26.85,27.91,916400,27.91
05/10/2011,28.24,28.95,27.91,28.33,1535300,28.33
05/11/2011,28.2,28.3,26.92,27.07,962500,27.07
05/12/2011,27.07,27.74,26.65,27.67,628000,27.67
5/13/2011,28,28.19,27.3,27.55,661500,27.55
5/16/2011,27.99,27.99,26.55,26.6,755700,26.6
5/17/2011,27,27,25.72,25.96,1234200,25.96
5/18/2011,26.1,26.47,25.52,26.35,729500,26.35
5/19/2011,27.03,28.44,26.6,28.2,2655100,28.2
5/20/2011,28.26,28.28,27.35,27.97,842500,27.97
5/23/2011,27.62,27.62,26.62,26.82,863600,26.82
5/24/2011,27.02,27.5,26.6,26.72,613700,26.72
5/25/2011,26.9,29.01,26.17,28.98,4693100,28.98
5/26/2011,28.82,29.76,28.1,29.48,3336900,29.48
5/27/2011,29.54,29.67,28.82,29.55,1687100,29.55
5/31/2011,29.69,30.28,29.55,30.14,3290500,30.14
06/01/2011,30,30.1,28.38,28.52,1529900,28.52
06/02/2011,28.52,29.32,28.51,28.76,986300,28.76
06/03/2011,29.95,31.5,29.5,30.13,6209200,30.13
06/06/2011,30.1,30.13,28.26,28.7,2331100,28.7
06/07/2011,28.94,29.39,28.26,28.37,1222100,28.37
06/08/2011,28.44,28.6,27.02,27.12,1695900,27.12
06/09/2011,27.43,28.1,27.1,27.62,1603200,27.62
06/10/2011,27.52,28.3,27.35,27.86,1566600,27.86
6/13/2011,28.07,28.88,27.88,28.43,1713400,28.43
6/14/2011,28.54,29.7,28.52,28.6,1573400,28.6
6/15/2011,28.44,28.45,27.07,27.32,1345000,27.32
6/16/2011,27.67,28,25.74,26.5,1842200,26.5
6/17/2011,26.87,27.7,26.14,26.5,1714000,26.5
6/20/2011,26.29,26.46,25.5,26.01,1537800,26.01
6/21/2011,26.24,27.73,26,27.53,1496000,27.53
6/22/2011,27.37,28.25,27.1,27.21,1475600,27.21
6/23/2011,27.2,27.72,26.21,27.71,1170000,27.71
6/24/2011,27.64,27.97,27.26,27.57,3608500,27.57
6/27/2011,27.73,28.28,27.31,27.46,1809400,27.46
6/28/2011,27.79,28.25,27.67,28.11,889200,28.11
6/29/2011,28.5,29.09,28.07,28.29,1461800,28.29
6/30/2011,28.5,29.33,28.4,29.13,946700,29.13
07/01/2011,29.07,29.6,28.8,29.02,854900,29.02
07/05/2011,29.02,29.52,28.71,29.14,996000,29.14
07/06/2011,29.14,29.14,28.55,28.96,926900,28.96
07/07/2011,29.14,30,29.01,29.73,1327900,29.73
07/08/2011,29.89,29.89,28.59,28.81,1240600,28.81
07/11/2011,28.4,28.53,28,28.35,975800,28.35
07/12/2011,28.37,29.09,28,28.17,1045400,28.17
7/13/2011,28.43,29.03,27.9,28.64,1066000,28.64
7/14/2011,28.53,28.96,27.25,27.61,1159000,27.61
7/15/2011,27.79,27.83,27.4,27.58,709000,27.58
7/18/2011,27.34,27.45,26.63,27.23,851900,27.23
7/19/2011,27.58,28.11,27.54,27.89,1026100,27.89
7/20/2011,28,30.44,27.8,28.69,3048300,28.69
7/21/2011,28.91,29.16,28.1,28.7,1011500,28.7
7/22/2011,28.7,29.54,28.55,29.29,583500,29.29
7/25/2011,29.01,29.25,28.44,28.49,673300,28.49
7/26/2011,28.31,28.77,27.97,28,760600,28
7/27/2011,28.5,28.5,27.51,27.64,958500,27.64
7/28/2011,27.6,28.55,27.54,28.17,938700,28.17
7/29/2011,27.8,28.4,27.5,28.17,948200,28.17
08/01/2011,28.67,28.98,28.21,28.77,1164900,28.77
08/02/2011,28.69,29.2,27.27,27.34,1549400,27.34
08/03/2011,27.5,27.83,26.34,27.2,1794500,27.2
08/04/2011,26.51,26.89,24.67,24.75,3064500,24.75
08/05/2011,24.99,25.38,22.83,24.24,1964400,24.24
08/08/2011,23.1,24.44,23.1,23.64,2608500,23.64
08/09/2011,24.15,25.45,23.7,25.06,1333400,25.06
08/10/2011,25.44,25.44,23.63,23.82,1564200,23.82
08/11/2011,24.04,25.75,24,25.3,836500,25.3
08/12/2011,25.6,27.14,25.36,26.31,1009100,26.31
8/15/2011,26.62,26.75,25.93,26.23,738600,26.23
8/16/2011,26.13,26.54,25.83,26.1,537700,26.1
8/17/2011,26.39,26.65,25.51,25.83,643700,25.83
8/18/2011,25,25.15,23.47,24.26,1056600,24.26
8/19/2011,23.86,24.22,22,22.3,1375300,22.3
8/22/2011,23.11,23.8,21.68,21.95,986100,21.95
8/23/2011,21.93,23.11,21.5,22.96,869000,22.96
8/24/2011,23.1,23.93,22.83,23.87,684300,23.87
8/25/2011,23.87,23.87,22.9,23.11,679800,23.11
8/26/2011,22.71,23.95,22.07,23.73,761800,23.73
8/29/2011,24.22,24.85,24.02,24.71,803400,24.71
8/30/2011,24.5,24.77,24.09,24.63,366200,24.63
8/31/2011,24.8,25.5,24.28,24.74,823800,24.74
09/01/2011,24.66,24.87,23.84,24,848100,24
09/02/2011,23.66,23.99,22.68,23.07,769900,23.07
09/06/2011,22.5,23.2,22.29,22.94,809800,22.94
09/07/2011,23.39,24,23.28,23.84,459200,23.84
09/08/2011,23.58,24.03,23.28,23.61,505700,23.61
09/09/2011,23.37,23.57,22.55,22.97,669300,22.97
09/12/2011,22.5,23.31,22.45,22.88,566600,22.88
9/13/2011,23.01,24.1,22.75,24.08,726500,24.08
9/14/2011,24.25,24.84,23.79,24.34,830800,24.34
9/15/2011,24.58,24.93,24.33,24.82,562600,24.82
9/16/2011,24.78,25.84,24.49,25.8,1417100,25.8
9/19/2011,24.95,25.81,23.82,25.77,1157400,25.77
9/20/2011,25.98,26.6,25.67,26.01,1180400,26.01
9/21/2011,25.95,26.95,25.7,25.85,987600,25.85
9/22/2011,25.64,26.11,24.88,25.63,775800,25.63
9/23/2011,25.49,26.62,25.35,26.38,1156400,26.38
9/26/2011,26.52,26.52,24.9,25.52,934800,25.52
9/27/2011,26,26.99,25.57,26.19,674500,26.19
9/28/2011,26,26.5,24.51,24.59,723300,24.59
9/29/2011,25.72,25.82,23.55,24.12,929600,24.12
9/30/2011,24.8,24.89,23.49,24.39,1336100,24.39
10/03/2011,24.95,25,23.25,23.73,1023200,23.73
10/04/2011,23.29,24.32,22.93,23.66,1200300,23.66
10/05/2011,24.03,25.84,23.35,25.37,1229500,25.37
10/06/2011,25.37,27.6,25.02,26.96,1769100,26.96
10/07/2011,26.98,27.6,26.05,26.99,1311600,26.99
10/10/2011,27.31,28.18,27,27.88,923500,27.88
10/11/2011,27.51,27.77,27.09,27.61,575700,27.61
10/12/2011,27.25,28,27.2,27.8,1123400,27.8
10/13/2011,27.63,28.47,27.44,27.94,1043500,27.94
10/14/2011,28,28.55,27.26,28.05,1400500,28.05
10/17/2011,27.86,28,27.26,27.42,754500,27.42
10/18/2011,27.3,28.43,26.71,28.34,999700,28.34
10/19/2011,28.02,28.06,27.3,27.57,792900,27.57
10/20/2011,27.44,27.47,27,27.34,999700,27.34
10/21/2011,27.4,28.3,27.01,28.03,1142600,28.03
10/24/2011,27.87,28.89,27.75,28.55,940600,28.55
10/25/2011,28.23,28.86,27.8,28.25,654400,28.25
10/26/2011,28.19,28.37,27.4,27.98,510500,27.98
10/27/2011,28.34,28.95,28.11,28.76,869400,28.76
10/28/2011,28.5,30,28.01,29.87,1264000,29.87
10/31/2011,29.5,29.51,28.75,29.37,1134000,29.37
11/01/2011,28.39,28.92,28,28.88,635200,28.88
11/02/2011,29,29.26,28.25,28.71,875300,28.71
11/03/2011,30,32.49,29.53,32.46,2509700,32.46
11/04/2011,31.46,32.4,30.51,32.31,3032900,32.31
11/07/2011,31.64,32,30.75,31.27,1266300,31.27
11/08/2011,31.37,32,30.72,31.84,1167900,31.84
11/09/2011,30.87,31.49,30.3,30.88,953700,30.88
11/10/2011,30.94,31.5,30.65,31.33,747300,31.33
11/11/2011,31.9,34.5,30.57,33.64,3868300,33.64
11/14/2011,33,33.54,32.62,33.22,1325700,33.22
11/15/2011,32.92,34.4,32.73,33.93,891000,33.93
11/16/2011,33.48,35,33.4,34.94,1833200,34.94
11/17/2011,34.5,34.9,33.19,33.68,1349300,33.68
11/18/2011,33.64,34.11,32.54,32.6,902800,32.6
11/21/2011,32.44,32.44,31.05,31.76,1031600,31.76
11/22/2011,31.76,32.79,31.05,32.07,732600,32.07
11/23/2011,31.76,32.05,31.25,31.45,451800,31.45
11/25/2011,31.55,32.41,31.08,31.66,239600,31.66
11/28/2011,32,33.28,31.81,32.56,681200,32.56
11/29/2011,32.49,33.07,31.63,31.75,591100,31.75
11/30/2011,32.5,32.93,32.22,32.74,760300,32.74
12/01/2011,32.57,33.99,31.98,32.6,1030200,32.6
12/02/2011,32.83,33.69,32.4,33.3,802800,33.3
12/05/2011,33.53,35,33.43,34.42,1160100,34.42
12/06/2011,34.2,34.98,34.03,34.87,951800,34.87
12/07/2011,34.63,34.89,33.8,34.19,674300,34.19
12/08/2011,30.84,31.65,29.61,30.89,3305800,30.89
12/09/2011,30.54,31.12,30.28,31.04,1239500,31.04
12/12/2011,30.44,30.62,30.02,30.41,758700,30.41
12/13/2011,30.57,30.93,28.91,29.45,994100,29.45
12/14/2011,29.5,29.68,28,28.53,1163900,28.53
12/15/2011,28.67,29.17,28.12,28.62,700300,28.62
12/16/2011,28.79,28.93,27.98,28,1029700,28
12/19/2011,28.09,28.5,27.37,27.75,987000,27.75
12/20/2011,28.05,28.45,27.72,27.9,843300,27.9
12/21/2011,27.91,28.07,26.03,27.57,1705500,27.57
12/22/2011,27.6,28.05,27.3,27.77,1009400,27.77
12/23/2011,28,28,27.52,27.9,591400,27.9
12/27/2011,27.66,28.77,27.64,28.57,777500,28.57
12/28/2011,28.99,29.24,28.04,28.51,575200,28.51
12/29/2011,28.59,29.34,28.55,28.73,488200,28.73
12/30/2011,28.49,28.98,28.25,28.56,339800,28.56
01/03/2012,28.94,29.5,27.65,28.08,928100,28.08
01/04/2012,28.21,28.67,27.5,27.71,630100,27.71
01/05/2012,27.76,27.93,26.85,27.12,1005500,27.12
01/06/2012,27.2,27.79,26.41,26.91,986300,26.91
01/09/2012,27,27.49,26.12,27.25,897000,27.25
01/10/2012,27.44,27.76,27.25,27.62,671800,27.62
01/11/2012,27.62,28.38,27.3,28.23,672300,28.23
01/12/2012,28.48,28.62,27.81,28.25,729300,28.25
1/13/2012,28.4,28.5,22.64,22.79,5500400,22.79
1/17/2012,26.62,27.34,26.41,26.6,4651600,26.6
1/18/2012,26.69,26.88,26.25,26.81,1260200,26.81
1/19/2012,27.19,27.74,26.61,26.76,1246300,26.76
1/20/2012,26.9,27,26.4,26.6,662300,26.6
1/23/2012,26.81,27.21,26.6,26.77,594600,26.77
1/24/2012,26.63,27.68,26.44,27.42,858000,27.42
1/25/2012,27.27,28.01,27.05,27.97,611200,27.97
1/26/2012,28.07,29.58,28,28.94,1271100,28.94
1/27/2012,28.5,29.72,28.5,29.33,748400,29.33
1/30/2012,29.49,29.61,28.53,29.57,729000,29.57
1/31/2012,29.9,30,28.87,29.07,956400,29.07
02/01/2012,29.07,29.7,29,29.58,523200,29.58
02/02/2012,29.72,30.88,29.61,30.25,805700,30.25
02/03/2012,30.41,31.33,30.25,31.15,764500,31.15
02/06/2012,31.1,31.9,31.05,31.8,652100,31.8
02/07/2012,31.8,31.8,30.82,31.6,1021600,31.6
02/08/2012,31.6,32.01,31.29,31.93,623700,31.93
02/09/2012,32,32.9,31.43,32.58,1277100,32.58
02/10/2012,32.26,32.27,29.84,31.1,1874200,31.1
2/13/2012,31.55,32.06,30.9,31.49,1157900,31.49
2/14/2012,31.74,33.79,31.4,33.17,1810800,33.17
2/15/2012,33.1,34.41,32.27,33.6,2761800,33.6
2/16/2012,33.5,34.51,32.54,34.18,2219700,34.18
2/17/2012,33.99,34.97,33.5,34.97,1376700,34.97
2/21/2012,34.87,34.87,33.81,34.5,1135800,34.5
2/22/2012,34.5,34.72,32.5,34.22,1654600,34.22
2/23/2012,33.99,34.97,33.56,34.53,820400,34.53
2/24/2012,34.23,34.52,33.27,33.75,959900,33.75
2/27/2012,33.41,34,33,33.62,606000,33.62
2/28/2012,33.64,34.44,33.17,33.81,612200,33.81
2/29/2012,33.81,34.12,33.14,33.41,535700,33.41
03/01/2012,33.51,34.5,33.31,34.41,703500,34.41
03/02/2012,34.4,34.5,33.71,34.04,550000,34.04
03/05/2012,34.35,34.4,33.46,33.77,467000,33.77
03/06/2012,33.25,33.28,32.62,33.11,573800,33.11
03/07/2012,33.12,33.31,32.91,33.12,364900,33.12
03/08/2012,33.11,33.49,33.04,33.07,633300,33.07
03/09/2012,33.2,35.31,33.2,34.74,1553400,34.74
03/12/2012,34.69,36.29,34.6,36.01,1963300,36.01
3/13/2012,36.51,36.59,35.5,36.09,1001600,36.09
3/14/2012,36,36,34.8,35.29,851500,35.29
3/15/2012,35.28,35.48,34.78,35,571600,35
3/16/2012,34.9,35.89,34.83,35.32,729300,35.32
3/19/2012,35.26,35.32,34.54,34.98,1015600,34.98
3/20/2012,34.98,35.2,34.57,34.96,567000,34.96
3/21/2012,34.94,35.3,34.6,35.15,607200,35.15
3/22/2012,34.97,35.15,34.3,34.4,522400,34.4
3/23/2012,34.26,34.63,33.15,34.08,1170600,34.08
3/26/2012,35.59,38.09,35.04,37.4,3140500,37.4
3/27/2012,37.16,39.95,37.03,37.94,2539200,37.94
3/28/2012,37.78,38.44,37.11,37.85,955000,37.85
3/29/2012,38.19,38.19,37.03,37.33,796400,37.33
3/30/2012,37.52,37.94,36.68,37.24,886400,37.24
04/02/2012,37.33,37.97,36.53,36.58,1028600,36.58
04/03/2012,36.7,38.47,36.67,38.01,1098100,38.01
04/04/2012,35.27,35.49,34.69,35,4481800,35
04/05/2012,35.1,35.44,34.41,34.48,1509400,34.48
04/09/2012,34.1,34.29,33.1,33.15,1655700,33.15
04/10/2012,33.15,33.85,32.1,32.46,1847700,32.46
04/11/2012,33.24,33.29,32.01,33.09,1105500,33.09
04/12/2012,33.77,34.48,32.92,33.44,1033900,33.44
4/13/2012,33.94,34.04,32.85,33.59,649600,33.59
4/16/2012,33.41,33.7,32.09,32.25,1099600,32.25
4/17/2012,32.43,33.07,32.04,32.24,1115500,32.24
4/18/2012,32.09,32.75,31.53,32.66,823100,32.66
4/19/2012,32.75,33.43,32.5,33.16,774900,33.16
4/20/2012,33.14,33.73,32.94,33.16,821800,33.16
4/23/2012,32.86,32.97,31.71,31.94,890800,31.94
4/24/2012,31.82,32.2,31,31.82,674500,31.82
4/25/2012,32.07,32.99,32.07,32.91,712200,32.91
4/26/2012,32.96,33.52,32.91,33.49,425300,33.49
4/27/2012,33.6,33.63,32.91,33.34,591000,33.34
4/30/2012,33.27,33.36,32.58,33.13,413900,33.13
05/01/2012,33.13,34.21,33.13,33.78,659000,33.78
05/02/2012,33.5,34.39,33.39,33.94,497300,33.94
05/03/2012,33.91,34,32.13,32.46,841300,32.46
05/04/2012,32.32,32.46,31.4,31.83,1247500,31.83
05/07/2012,31.96,32.58,31.61,32.47,1158000,32.47
05/08/2012,32.5,32.73,29.37,30.19,3097200,30.19
05/09/2012,30.3,30.77,29.76,30.06,1947900,30.06
05/10/2012,32.97,34.68,32.4,32.96,5556300,32.96
05/11/2012,32.49,33.44,32.16,32.25,1221300,32.25
5/14/2012,31.92,32.13,30.05,30.06,1380900,30.06
5/15/2012,30.26,30.96,29.22,29.43,1585700,29.43
5/16/2012,29.58,30.18,28.88,29.18,1257100,29.18
5/17/2012,29.3,29.79,28.24,28.57,1149000,28.57
5/18/2012,28.37,28.46,26.83,27.56,1616500,27.56
5/21/2012,27.58,29.26,27.12,28.77,1475200,28.77
5/22/2012,30.1,31.34,30,30.8,2366200,30.8
5/23/2012,30.56,31.05,29.5,31.02,1220400,31.02
5/24/2012,31.25,31.25,29.69,30.28,1075600,30.28
5/25/2012,30.16,30.41,29.2,29.81,757000,29.81
5/29/2012,30.01,31.93,30.01,31.69,1650000,31.69
5/30/2012,31.08,31.42,30.24,30.41,1307200,30.41
5/31/2012,30.07,30.29,28.75,29.5,1118700,29.5
06/01/2012,28.53,29.16,27.76,28.15,885800,28.15
06/04/2012,28.03,28.41,27.11,27.88,1030900,27.88
06/05/2012,27.84,28.39,27.56,27.91,630900,27.91
06/06/2012,28.2,29.45,28.14,29.22,909900,29.22
06/07/2012,29.81,29.87,28.85,28.93,492100,28.93
06/08/2012,28.86,30.19,28.15,30.08,881100,30.08
06/11/2012,30.31,31,28.96,29.12,636000,29.12
06/12/2012,29.23,29.84,28.81,29.66,569000,29.66
6/13/2012,29.55,30.64,29.47,29.77,844100,29.77
6/14/2012,30.18,30.65,28.62,29.39,872200,29.39
6/15/2012,29.39,29.95,28.81,29.91,646800,29.91
6/18/2012,29.94,32.33,29.5,31.84,1256800,31.84
6/19/2012,32.02,32.66,31.5,32.09,911100,32.09
6/20/2012,33.5,34.5,33.21,33.78,3422400,33.78
6/21/2012,34.26,34.28,31.84,32.19,1891900,32.19
6/22/2012,32.6,33.98,32.46,33.79,3046600,33.79
6/25/2012,33.94,34.12,32.75,33.11,1498500,33.11
6/26/2012,32.05,32.35,31.39,31.61,2613900,31.61
6/27/2012,31.9,32.45,31.57,31.96,1047200,31.96
6/28/2012,31.9,32.11,30.62,31.41,914100,31.41
6/29/2012,32.8,32.8,31,31.29,1125800,31.29
07/02/2012,31.35,31.8,30.19,30.4,1315600,30.4
07/03/2012,30.6,31,30.4,30.66,947000,30.66
07/05/2012,30.81,31.67,30.8,31.23,1253800,31.23
07/06/2012,30.99,31.73,30.8,30.99,784500,30.99
07/09/2012,30.94,31.83,30.67,31.49,910500,31.49
07/10/2012,31.54,32.48,30.89,31.27,758400,31.27
07/11/2012,31.57,31.68,31.01,31.51,638600,31.51
07/12/2012,31.29,33.01,30.8,32.7,1125700,32.7
7/13/2012,32.97,34.4,32.83,34.25,1304800,34.25
7/16/2012,34.32,36,33.9,35.96,1744000,35.96
7/17/2012,35,35.21,32.38,33.35,2569300,33.35
7/18/2012,31.42,33.67,31.06,32.15,2881900,32.15
7/19/2012,32.72,33.15,32.04,32.27,1435900,32.27
7/20/2012,32.07,32.25,31.25,31.79,1568500,31.79
7/23/2012,31.05,31.3,30.62,30.66,1386800,30.66
7/24/2012,30.66,31.04,29.62,29.84,1500300,29.84
7/25/2012,29.92,29.98,28.75,28.95,2842200,28.95
7/26/2012,29.9,30,27.64,28.13,2262300,28.13
7/27/2012,28.71,29.66,28.1,29.51,1673000,29.51
7/30/2012,29.51,30.25,27.21,27.35,2065200,27.35
7/31/2012,27.54,27.97,27.35,27.42,1575100,27.42
08/01/2012,27.99,27.99,26.03,26.25,1592300,26.25
08/02/2012,26.84,26.85,25.52,26.1,1305100,26.1
08/03/2012,26.9,27.55,26.74,27.27,1209500,27.27
08/06/2012,27.55,28.7,27.55,28.27,1528200,28.27
08/07/2012,28.77,30.9,28.5,30.25,2387200,30.25
08/08/2012,29.9,30,28.59,29.09,1308900,29.09
08/09/2012,29.52,30,29.13,29.41,672600,29.41
08/10/2012,29.31,29.94,29.31,29.94,707400,29.94
8/13/2012,29.69,31.3,29.1,31.17,870100,31.17
8/14/2012,30.75,31.17,29.26,29.42,793400,29.42
8/15/2012,29.39,29.7,28.81,29.4,525400,29.4
8/16/2012,29.53,30.39,29.5,30.3,669000,30.3
8/17/2012,30.29,30.71,29.98,30.01,508200,30.01
8/20/2012,30.15,30.39,29.1,29.51,1179100,29.51
8/21/2012,29.58,30,29,29.11,761600,29.11
8/22/2012,29.01,30.04,29.01,29.95,775500,29.95
8/23/2012,30,30.85,29.65,30.73,1471000,30.73
8/24/2012,30.06,30.24,29.41,29.5,1429400,29.5
8/27/2012,29.57,29.7,28.17,28.32,1350400,28.32
8/28/2012,28.4,29.38,28,28.69,1402700,28.69
8/29/2012,28.49,28.64,28.02,28.41,838900,28.41
8/30/2012,28.6,28.74,28.1,28.41,656400,28.41
8/31/2012,28.61,28.84,28.2,28.52,539800,28.52
09/04/2012,28.52,28.99,27.9,28.14,752500,28.14
09/05/2012,28.01,28.5,27.81,27.94,639300,27.94
09/06/2012,28,28.9,27.9,28.55,841700,28.55
09/07/2012,28.55,29.57,28.5,29.35,953200,29.35
09/10/2012,29.2,29.35,27.3,27.37,1483300,27.37
09/11/2012,27.76,28.16,27.4,27.8,1014900,27.8
09/12/2012,27.9,28.58,27.8,28.28,1145200,28.28
9/13/2012,28.57,29.5,28.48,29.48,1484700,29.48
9/14/2012,30,30.65,29.65,30.39,1536600,30.39
9/17/2012,32.35,32.78,31.51,32.54,3212800,32.54
9/18/2012,31.88,31.9,30.68,31.34,1788500,31.34
9/19/2012,31,31.74,30.94,31.05,1048500,31.05
9/20/2012,30.93,31.5,30.68,30.9,912400,30.9
9/21/2012,31.1,31.49,29.54,30.02,1870000,30.02
9/24/2012,29.51,31.03,29.4,30.66,1301900,30.66
9/25/2012,28.62,29.48,27.53,27.66,5680400,27.66
9/26/2012,27.66,28.4,27.48,27.54,1527200,27.54
9/27/2012,27.82,28.54,27.6,28.49,1758600,28.49
9/28/2012,28.73,29.89,28.61,29.28,4343400,29.28
10/01/2012,29.5,29.89,29,29.16,884400,29.16
10/02/2012,29.28,29.89,29,29.8,729000,29.8
10/03/2012,29.75,29.95,29.24,29.3,1052800,29.3
10/04/2012,30,30.1,28.65,29.4,1541300,29.4
10/05/2012,29.7,29.81,28.68,28.89,938600,28.89
10/08/2012,28.86,29.4,28.61,29.25,889700,29.25
10/09/2012,29.12,29.12,28.25,28.37,1193000,28.37
10/10/2012,28.39,28.72,28.01,28.4,503600,28.4
10/11/2012,28.94,28.98,28.25,28.32,450600,28.32
10/12/2012,28.32,28.73,27.5,27.64,987600,27.64
10/15/2012,28.02,28.05,26.86,27.33,1468700,27.33
10/16/2012,27.67,28.09,27.34,28.06,479300,28.06
10/17/2012,28.25,28.84,27.8,28.82,668000,28.82
10/18/2012,28.99,28.99,27.78,28.04,741000,28.04
10/19/2012,27.83,28.2,27.3,27.74,1027400,27.74
10/22/2012,27.99,28,27.36,27.85,470200,27.85
10/23/2012,27.38,28.56,27.37,28.39,749000,28.39
10/24/2012,28.52,28.52,27.25,27.42,1016400,27.42
10/25/2012,27.8,27.8,27.45,27.52,577700,27.52
10/26/2012,27.53,27.8,27.02,27.38,477400,27.38
10/31/2012,27.7,28.35,27.37,28.13,775200,28.13
11/01/2012,28.25,29.49,28.2,29.25,1024100,29.25
11/02/2012,29.27,29.55,28.55,28.92,1030300,28.92
11/05/2012,29.8,31.58,29.33,31.5,2048900,31.5
11/06/2012,30.61,31.2,29.95,31.15,2324000,31.15
11/07/2012,31,32.05,30.81,31.54,1714500,31.54
11/08/2012,31.01,31.88,30.94,31.31,1274000,31.31
11/09/2012,30.6,30.93,29.85,30.32,863000,30.32
11/12/2012,30.29,31.42,30.16,31.07,555900,31.07
11/13/2012,31.29,32,30.72,31.61,998300,31.61
11/14/2012,31.96,32.12,31.2,31.38,871300,31.38
11/15/2012,31.3,31.44,30.5,30.82,984000,30.82
11/16/2012,31.15,32,30.59,31.84,908700,31.84
11/19/2012,32.07,33.25,31.84,32.92,1392400,32.92
11/20/2012,32.8,33.1,31.91,33,922500,33
11/21/2012,32.61,33.47,32.29,32.47,963200,32.47
11/23/2012,32.6,32.83,31.7,32.13,430300,32.13
11/26/2012,32.1,32.3,31.62,32.27,495800,32.27
11/27/2012,32.13,32.66,31.52,32.15,910800,32.15
11/28/2012,32,34.29,31.91,33.23,1525200,33.23
11/29/2012,33.44,34,32.87,33.69,1103400,33.69
11/30/2012,33.63,34.28,33.01,33.82,1420300,33.82
12/03/2012,33.89,35,33.5,34.62,2085700,34.62
12/04/2012,34.08,34.8,33.55,33.9,1263300,33.9
12/05/2012,33.82,34.19,33.58,33.71,661500,33.71
12/06/2012,33.82,34.8,33.5,33.9,660400,33.9
12/07/2012,34.3,34.49,33.85,34.17,664400,34.17
12/10/2012,34.43,34.8,34.18,34.57,929800,34.57
12/11/2012,34.6,35.5,34.46,35.28,1572600,35.28
12/12/2012,35.21,35.8,34.95,35.26,2063800,35.26
12/13/2012,35.26,35.3,32.75,33.61,2151300,33.61
12/14/2012,33.78,34.4,33.59,33.81,1023000,33.81
12/17/2012,33.77,34.5,33.75,34.4,824900,34.4
12/18/2012,34.26,35.07,34.26,34.59,1553900,34.59
12/19/2012,34.75,35.26,34.52,34.61,1298800,34.61
12/20/2012,34.51,34.79,34.05,34.43,921200,34.43
12/21/2012,33.94,34.17,33.58,34,1492400,34
12/24/2012,33.64,34.35,33.55,34.28,375800,34.28
12/26/2012,33.96,34.5,33.5,33.59,601400,33.59
12/27/2012,33.5,33.91,33,33.69,561100,33.69
12/28/2012,33.38,33.65,33.02,33.22,414100,33.22
12/31/2012,33,33.97,33,33.87,594900,33.87
01/02/2013,35,35.45,34.71,35.36,1194800,35.36
01/03/2013,35.18,35.45,34.75,34.77,742000,34.77
01/04/2013,34.8,34.8,33.92,34.4,674000,34.4
01/07/2013,34.8,34.8,33.9,34.34,442000,34.34
01/08/2013,34.5,34.5,33.11,33.68,1284000,33.68
01/09/2013,34.01,34.19,33.4,33.64,698000,33.64
01/10/2013,33.87,33.99,33.38,33.53,922500,33.53
01/11/2013,34.04,34.04,32.11,32.91,1563200,32.91
1/14/2013,33.08,33.38,32.85,33.26,925100,33.26
1/15/2013,33.11,34.25,33.08,33.9,1624200,33.9
1/16/2013,33.85,34.23,33.73,34.1,1378200,34.1
1/17/2013,34.16,34.85,33.92,34.38,1436700,34.38
1/18/2013,34.74,34.78,33.82,34.52,3555100,34.52
1/22/2013,34.56,35.55,34.26,35.19,1920200,35.19
1/23/2013,35.02,36.24,34.96,36,1564300,36
1/24/2013,36,37.72,35.84,36.99,1970400,36.99
1/25/2013,37,37.54,36.8,36.98,1287800,36.98
1/28/2013,36.86,38.71,36.86,38.03,1986000,38.03
1/29/2013,38.1,38.44,37.13,37.95,1426600,37.95
1/30/2013,37.85,38,37.43,37.52,968100,37.52
1/31/2013,37.87,37.87,36.93,37.51,901400,37.51
02/01/2013,38.17,38.5,37.62,38.3,1100600,38.3
02/04/2013,38.4,38.42,37.59,37.74,1128000,37.74
02/05/2013,38,38.65,37.68,38.13,1310200,38.13
02/06/2013,38.18,39.39,37.9,39.17,1893200,39.17
02/07/2013,39.19,39.68,38.95,39.48,1196600,39.48
02/08/2013,39.45,40,39.14,39.24,1139800,39.24
02/11/2013,37.98,39.15,37.5,38.42,3266300,38.42
02/12/2013,38.45,38.87,37.29,37.89,2261300,37.89
2/13/2013,38.3,39,38.05,38.45,966800,38.45
2/14/2013,38.64,38.75,38.21,38.27,990700,38.27
2/15/2013,38.5,38.51,36.95,37.04,2017600,37.04
2/19/2013,37.36,39.29,37.31,39.28,2701400,39.28
2/20/2013,39.3,39.65,38.46,38.54,3122000,38.54
2/21/2013,36.49,37.39,34.54,35.16,9037800,35.16
2/22/2013,35.72,36.39,35.6,36.11,2547300,36.11
2/25/2013,36.15,36.75,34.34,34.38,2889400,34.38
2/26/2013,34.46,34.96,33.8,34.43,2762900,34.43
2/27/2013,34.41,35.41,34.4,35.1,1959200,35.1
2/28/2013,35.89,36.1,34.37,34.83,1964900,34.83
03/01/2013,35,35.08,34.25,34.65,1546600,34.65
03/04/2013,34.77,35.83,34.7,35.58,1757700,35.58
03/05/2013,36,36.92,35.79,36.65,2087000,36.65
03/06/2013,37.01,37.88,36.97,37.69,1150000,37.69
03/07/2013,37.73,38.65,36.88,38.23,1158300,38.23
03/08/2013,38.06,39.44,37.36,38.47,912100,38.47
03/11/2013,38.87,39.44,38.65,39.1,1579500,39.1
03/12/2013,38.9,39.38,38.85,39.12,1275100,39.12
3/13/2013,39,39.49,38.81,38.98,822000,38.98
3/14/2013,38.9,38.91,36.77,36.85,2021000,36.85
3/15/2013,36.64,36.65,35.21,35.29,3279600,35.29
3/18/2013,35.3,36.06,34.92,35.15,1316100,35.15
3/19/2013,35.25,35.6,34.94,35.08,1098500,35.08
3/20/2013,35.26,36.07,35.16,35.95,1423000,35.95
3/21/2013,35.95,37.06,35.74,36.01,1146300,36.01
3/22/2013,36.2,36.8,36.2,36.62,440200,36.62
3/25/2013,37.1,38.52,36.77,37.53,2378800,37.53
3/26/2013,37.98,38.22,37.66,37.86,1808200,37.86
3/27/2013,37.94,38.38,37.31,38.16,1296300,38.16
3/28/2013,38.23,38.24,37.75,37.89,1158700,37.89
04/01/2013,42.36,46.68,41.7,43.93,14098500,43.93
04/02/2013,43.6,45.5,43.51,44.34,6652400,44.34
04/03/2013,43.1,43.47,40.21,41.1,5643600,41.1
04/04/2013,41.11,42.25,40.81,42.01,2264800,42.01
04/05/2013,42,42,40.5,41.37,1552400,41.37
04/08/2013,41.97,42.55,41.51,41.83,1679000,41.83
04/09/2013,41.8,41.83,40.33,40.5,1696100,40.5
04/10/2013,40.7,42.01,40.61,41.86,2121100,41.86
04/11/2013,42.06,44.55,41.75,43.59,3447400,43.59
04/12/2013,43.25,45.14,43.05,43.75,3149400,43.75
4/15/2013,43.5,43.8,42.51,43.3,1681400,43.3
4/16/2013,44.19,46.14,43.91,45.59,3180400,45.59
4/17/2013,45.5,45.95,44.54,45.45,2118500,45.45
4/18/2013,45.98,47.6,45.39,46.97,3367900,46.97
4/19/2013,47.46,49.88,47.07,47.83,3011700,47.83
4/22/2013,48.6,50.2,47.75,50.19,3939400,50.19
4/23/2013,51,52.92,50.66,51.01,3733800,51.01
4/24/2013,50.9,51.05,48.98,50.43,2630000,50.43
4/25/2013,50.5,52.4,50.5,52,2795900,52
4/26/2013,53.13,53.74,50.62,51.2,3622100,51.2
4/29/2013,51.76,54.99,51.2,54.94,3639700,54.94
4/30/2013,56,58.18,53.76,53.99,5522600,53.99
05/01/2013,55.99,55.99,53,53.28,2742800,53.28
05/02/2013,53.85,55.27,53.7,54.11,3050400,54.11
05/03/2013,56.47,56.47,54.5,54.55,3378700,54.55
05/06/2013,56.39,59.66,55.5,59.5,4366700,59.5
05/07/2013,62,62.37,55.12,55.51,9991000,55.51
05/08/2013,57.5,58.2,55.71,55.79,6769900,55.79
05/09/2013,70.12,75.77,63.69,69.4,28605000,69.4
05/10/2013,69.65,81,69.25,76.76,25082600,76.76
5/13/2013,80.99,88,79.15,87.8,22416900,87.8
5/14/2013,94.22,97.12,81.15,83.24,37163900,83.24
5/15/2013,81.8,86.88,78.11,84.84,16878700,84.84
5/16/2013,94.7,95,88.66,92.25,21614000,92.25
5/17/2013,92.5,94.44,87.5,91.5,19002200,91.5
5/20/2013,91.12,92.5,88.63,89.94,8348400,89.94
5/21/2013,88.5,89.99,85.28,87.59,8998200,87.59
5/22/2013,86.37,90.96,85.5,87.24,8568000,87.24
5/23/2013,84.81,93.01,83.05,92.73,12022200,92.73
5/24/2013,92.6,97.95,92,97.08,16124200,97.08
5/28/2013,101.55,110.75,100.3,110.33,19691900,110.33
5/29/2013,113.55,114.9,99,104.63,25099500,104.63
5/30/2013,102.46,109.54,101.2,104.95,16133700,104.95
5/31/2013,106.26,106.44,97.73,97.76,15172000,97.76
06/03/2013,97.62,97.62,88.25,92.59,19139600,92.59
06/04/2013,92.75,96.42,92.4,94.84,8856100,94.84
06/05/2013,93.66,97.97,89.11,95.37,12224800,95.37
06/06/2013,95.25,99.27,95.11,97.35,9510900,97.35
06/07/2013,98,102.9,96.7,102.04,10711600,102.04
06/10/2013,98.93,102.52,98.57,100.05,9228600,100.05
06/11/2013,98.18,98.68,94.05,94.47,7394000,94.47
06/12/2013,96.8,100.48,95.75,97.73,9192700,97.73
6/13/2013,99,99.28,95.12,98.18,5961600,98.18
6/14/2013,100,102.52,99.33,100.3,6564700,100.3
6/17/2013,103.6,104.75,101.2,102.2,7066200,102.2
6/18/2013,101.75,103.98,99.2,103.39,8795300,103.39
6/19/2013,102.06,106.67,102.01,104.68,8578900,104.68
6/20/2013,104.65,107.13,99.45,100.65,10106500,100.65
6/21/2013,103.7,103.7,97.5,99.55,11718600,99.55
6/24/2013,96.5,102.87,95.3,101.49,7119800,101.49
6/25/2013,103.1,104.2,100.55,102.4,5848700,102.4
6/26/2013,103.8,105.87,102.66,105.72,6602600,105.72
6/27/2013,106.75,110.25,106.13,109.25,8744900,109.25
6/28/2013,108.57,109.44,106.71,107.36,5748600,107.36
07/01/2013,109.36,117.77,109.15,117.18,10903600,117.18
07/02/2013,118.25,121.89,115.5,117.82,12064100,117.82
07/03/2013,118,119.25,114.27,115.24,4806700,115.24
07/05/2013,118.32,120.28,115.7,120.09,6818700,120.09
07/08/2013,121.37,122.18,118.82,121.61,7814200,121.61
07/09/2013,124.64,125.32,121.91,123.45,8603300,123.45
07/10/2013,123.19,123.25,120.79,122.27,5600100,122.27
07/11/2013,124.88,126.09,122.35,125.61,7483600,125.61
07/12/2013,125.5,129.94,124.51,129.9,11344000,129.9
7/15/2013,133.03,133.26,126.82,127.26,9922400,127.26
7/16/2013,126.28,126.32,107.3,109.05,32371900,109.05
7/17/2013,106.52,121.62,104.5,120.25,26029000,120.25
7/18/2013,120.97,122.73,116.18,119.03,11398100,119.03
7/19/2013,118.5,120.55,116.51,119.68,5890300,119.68
7/22/2013,119.89,126.68,119.88,122.43,9797800,122.43
7/23/2013,124,125.56,121.82,122.74,7736400,122.74
7/24/2013,124.47,124.5,119.56,121.7,6869000,121.7
7/25/2013,120.4,124.75,120.19,124.07,5284300,124.07
7/26/2013,128.14,130.68,126.61,129.39,9633100,129.39
7/29/2013,129.32,135.37,128.25,134.62,9678900,134.62
7/30/2013,134.8,137.49,128.18,131.74,13127000,131.74
7/31/2013,132.57,134.97,131.45,134.28,6351700,134.28
08/01/2013,135,136.52,132.63,135.55,5323600,135.55
08/02/2013,134.59,138.25,133.61,138,6269900,138
08/05/2013,140.01,144.89,139.65,144.68,10200700,144.68
08/06/2013,144.75,145.73,141.1,142.15,9254500,142.15
08/07/2013,141.89,141.95,132.36,134.23,18212200,134.23
08/08/2013,154.35,158.88,150.46,153.48,27246800,153.48
08/09/2013,152.4,155.95,151.25,153,8927700,153
08/12/2013,149.43,150.5,142.05,147.38,14912200,147.38
8/13/2013,149.5,149.84,144.45,145.43,8748900,145.43
8/14/2013,142.72,144.84,138.05,139.36,11693800,139.36
8/15/2013,136.43,143.6,135,139.67,10179200,139.67
8/16/2013,141.63,143.91,140.97,142,7108100,142
8/19/2013,143.43,147.38,142.83,144.9,8037700,144.9
8/20/2013,148.65,149.78,147,149.58,6418200,149.58
8/21/2013,150,150.31,146.25,147.86,6266300,147.86
8/22/2013,149.22,157.48,148.14,157.1,10592400,157.1
8/23/2013,157,162.3,155,161.84,12931900,161.84
8/26/2013,165.15,173,160.25,164.22,24171100,164.22
8/27/2013,162.3,168.8,160.95,167.01,17566900,167.01
8/28/2013,169.06,171.5,163.25,166.45,14740100,166.45
8/29/2013,164.22,167.75,162.51,166.06,9436000,166.06
8/30/2013,166.37,169.21,163.96,169,11028400,169
09/03/2013,173.4,173.7,166.4,168.94,12061100,168.94
09/04/2013,169.77,171.62,165.56,170.62,11475700,170.62
09/05/2013,170.1,171.5,168.25,169.93,6685300,169.93
09/06/2013,168.57,169.7,165.15,166.97,8619700,166.97
09/09/2013,163.12,164.5,158.51,160.7,14344500,160.7
09/10/2013,161.45,167.5,160.63,166.37,8967800,166.37
09/11/2013,166.41,167.9,162.13,163.52,5832500,163.52
09/12/2013,164,166.76,160.51,164.93,6160000,164.93
9/13/2013,162.77,166.37,162.16,165.54,5401200,165.54
9/16/2013,168,170.85,165.85,166.58,7574900,166.58
9/17/2013,165.08,168.42,163.36,166.23,5496900,166.23
9/18/2013,167.07,167.45,164.2,166.22,5439700,166.22
9/19/2013,170.8,180.47,169.08,177.92,15594600,177.92
9/20/2013,178.9,185.83,178.56,183.39,13401700,183.39
9/23/2013,184.48,185.48,177.11,181.11,8173400,181.11
9/24/2013,179.14,184.96,177.65,182.33,6273400,182.33
9/25/2013,183.56,186.3,180.5,185.24,8252700,185.24
9/26/2013,186.7,189.68,185.61,188.64,6614400,188.64
9/27/2013,187.52,191.28,186.43,190.9,5916400,190.9
9/30/2013,189,194.5,188,193.37,8924700,193.37
10/01/2013,193.96,194.23,188.37,193,7755900,193
10/02/2013,188.59,191.83,175.4,180.95,20775400,180.95
10/03/2013,175.05,179.69,168,173.31,23816500,173.31
10/04/2013,176.4,181.18,172.65,180.98,14414000,180.98
10/07/2013,182.46,186.73,180.26,183.07,11485600,183.07
10/08/2013,184.4,185.93,173.21,174.73,13757200,174.73
10/09/2013,174.73,174.99,161.5,168.78,15316500,168.78
10/10/2013,173.09,175.75,169.69,172.93,8883900,172.93
10/11/2013,172.75,179.29,171.2,178.7,8311100,178.7
10/14/2013,175,182.5,174.15,179.72,7769600,179.72
10/15/2013,185.28,188.79,183.18,183.94,10978500,183.94
10/16/2013,184.9,187.3,182.09,183.56,8205400,183.56
10/17/2013,183.54,184.8,180.99,182.8,6705000,182.8
10/18/2013,184.15,185.96,182.52,183.4,5930800,183.4
10/21/2013,183.28,183.39,171,172.6,11532100,172.6
10/22/2013,170.5,177.78,166.11,171.54,11386700,171.54
10/23/2013,168.91,171.81,160.15,164.5,13320400,164.5
10/24/2013,165,174.5,162.83,173.15,10825700,173.15
10/25/2013,174.21,174.5,166.8,169.66,7595500,169.66
10/28/2013,170.18,170.5,162.2,162.86,7841700,162.86
10/29/2013,162.76,165.45,153,164.47,14111700,164.47
10/30/2013,164.63,167.68,158.17,159.22,8401800,159.22
10/31/2013,155.67,162.44,153.3,159.94,9333800,159.94
11/01/2013,163,165.9,160.41,162.17,7180600,162.17
11/04/2013,165,175.39,164.22,175.2,13120400,175.2
11/05/2013,180,181.43,171.36,176.81,22467100,176.81
11/06/2013,154.81,160.73,146.35,151.16,31071700,151.16
11/07/2013,144.19,145.65,137.62,139.77,22284700,139.77
11/08/2013,136.48,140.6,132.32,137.95,22477900,137.95
11/11/2013,141,145.42,137.1,144.7,13997600,144.7
11/12/2013,144.69,144.7,136.18,137.8,14985200,137.8
11/13/2013,140.84,142.37,136.34,138.7,12658300,138.7
11/14/2013,138.92,140.4,134.11,137.6,12203700,137.6
11/15/2013,136.85,137.95,134.35,135.45,9900200,135.45
11/18/2013,135.27,135.45,119.61,121.58,23138200,121.58
11/19/2013,119.43,129,119.22,126.09,19816200,126.09
11/20/2013,126.08,127.45,119.06,121.11,13849600,121.11
11/21/2013,122.89,124.79,120.25,122.1,11903800,122.1
11/22/2013,121.58,122.75,117.93,121.38,11096700,121.38
11/25/2013,124.5,125.84,120.3,120.84,10267300,120.84
11/26/2013,119.38,122.72,116.1,120.5,13885500,120.5
11/27/2013,121.31,126.95,119.52,126.94,12367600,126.94
11/29/2013,129.77,130.59,126.98,127.28,9716200,127.28
12/02/2013,126.35,128.55,123.93,124.17,7751200,124.17
12/03/2013,132.68,144.94,131.59,144.7,25682400,144.7
12/04/2013,144.32,144.43,137.13,138.95,13147700,138.95
12/05/2013,140.15,143.35,139.5,140.48,9288400,140.48
12/06/2013,141.51,142.49,136.3,137.36,7909600,137.36
12/09/2013,137,141.7,134.21,141.6,9061500,141.6
12/10/2013,140.05,145.87,139.86,142.19,10748200,142.19
12/11/2013,141.88,143.05,139.49,139.65,7137800,139.65
12/12/2013,139.7,148.24,138.53,147.47,10767800,147.47
12/13/2013,148.05,151.8,147.32,147.65,10591900,147.65
12/16/2013,148.48,150.43,146.1,147.94,6675300,147.94
12/17/2013,147.58,154.63,146.32,152.46,10495000,152.46
12/18/2013,152.24,154.9,145.95,147.98,11581900,147.98
12/19/2013,146.9,147,139.1,140.72,12740000,140.72
12/20/2013,141.58,144.35,141.58,143.24,7412600,143.24
12/23/2013,144.85,146.24,142.6,143.55,5385500,143.55
12/24/2013,150,154.97,149.82,151.41,9941500,151.41
12/26/2013,155.04,158,154.29,155.5,7129500,155.5
12/27/2013,155.3,155.5,150.8,151.12,5460200,151.12
12/30/2013,151.12,154.81,150.75,152.44,4467500,152.44
12/31/2013,152.32,153.2,148.66,150.43,4262400,150.43
01/02/2014,149.8,152.48,146.55,150.1,6188400,150.1
01/03/2014,150,152.19,148.6,149.56,4695000,149.56
01/06/2014,150,150.4,145.24,147,5361100,147
01/07/2014,147.62,150.4,145.25,149.36,5034100,149.36
01/08/2014,148.85,153.7,148.76,151.28,6163200,151.28
01/09/2014,152.5,153.43,146.85,147.53,5382000,147.53
01/10/2014,148.46,148.9,142.25,145.72,7446100,145.72
1/13/2014,145.78,147,137.82,139.34,6316100,139.34
1/14/2014,140.5,162,136.67,161.27,27607000,161.27
1/15/2014,168.45,172.23,162.1,164.13,20465600,164.13
1/16/2014,162.5,172.7,162.4,170.97,11959400,170.97
1/17/2014,170.19,173.2,167.95,170.01,9206200,170.01
1/21/2014,171.24,177.29,170.81,176.68,9734700,176.68
1/22/2014,177.81,180.32,174.76,178.56,7022600,178.56
1/23/2014,177.23,182.38,173.42,181.5,7867400,181.5
1/24/2014,177.85,180.48,173.53,174.6,7664300,174.6
1/27/2014,175.16,177.92,164.71,169.62,8716400,169.62
1/28/2014,171.5,178.98,171,178.38,6093400,178.38
1/29/2014,175.3,179.09,173.13,175.23,5935500,175.23
1/30/2014,178,184.78,177.01,182.84,8565000,182.84
1/31/2014,178.85,186,178.51,181.41,6508800,181.41
02/03/2014,182.89,184.88,175.16,177.11,6764900,177.11
02/04/2014,180.7,181.6,176.2,178.73,4686300,178.73
02/05/2014,178.3,180.59,169.36,174.42,7268000,174.42
02/06/2014,176.3,180.11,176,178.38,5841600,178.38
02/07/2014,181.01,186.63,179.6,186.53,8928500,186.53
02/10/2014,189.34,199.3,189.32,196.56,12970700,196.56
02/11/2014,198.97,202.2,192.7,196.62,10709900,196.62
02/12/2014,195.78,198.27,194.32,195.32,5173700,195.32
2/13/2014,193.34,202.72,193.25,199.63,8029300,199.63
2/14/2014,198.1,201.88,197,198.23,6158000,198.23
2/18/2014,205.24,206,201.36,203.7,9332800,203.7
2/19/2014,203.7,203.7,193.41,193.64,16169000,193.64
2/20/2014,215.01,215.21,206.27,209.97,18002300,209.97
2/21/2014,211.64,213.98,209.19,209.6,7818800,209.6
2/24/2014,208.76,218.36,208.32,217.65,8278400,217.65
2/25/2014,230,259.2,228.45,248,32681700,248
2/26/2014,258.58,265,247.5,253,24604600,253
2/27/2014,261.25,261.9,248.33,252.54,17945800,252.54
2/28/2014,249.65,252.68,242.55,244.81,14589800,244.81
03/03/2014,237.26,251.65,234.99,250.56,13089300,250.56
03/04/2014,258.48,260,252.83,254.84,8745600,254.84
03/05/2014,256.72,256.99,251.8,252.66,5935700,252.66
03/06/2014,254.14,257.5,249.45,252.94,7361100,252.94
03/07/2014,252.94,254.85,244.41,246.21,7812300,246.21
03/10/2014,242.7,243,236.06,238.84,7728100,238.84
03/11/2014,236.5,244.6,232.43,234.41,8810100,234.41
03/12/2014,231.5,247.5,231.11,241.49,9754400,241.49
3/13/2014,243.79,244.19,234,237.79,6236300,237.79
3/14/2014,235.29,236.94,228.32,230.97,8289700,230.97
3/17/2014,234.95,237.93,230.5,233.98,5912600,233.98
3/18/2014,236.95,241.5,235.02,240.04,6242300,240.04
3/19/2014,241.39,241.55,233.51,235.84,5071300,235.84
3/20/2014,236.16,239.25,233.36,234.91,3817900,234.91
3/21/2014,236.02,236.2,227.5,228.89,8216900,228.89
3/24/2014,229.75,229.9,210.27,220.17,11328800,220.17
3/25/2014,224.14,227.05,217.9,220.44,7865400,220.44
3/26/2014,221.95,222.6,211.35,212.96,6907300,212.96
3/27/2014,212.37,213.6,203,207.32,9495700,207.32
3/28/2014,212.8,216.72,210.27,212.37,9684800,212.37
3/31/2014,216.5,216.75,206.39,208.45,8380000,208.45
04/01/2014,209.02,218.16,208.58,216.97,7371400,216.97
04/02/2014,220,230.89,218.05,230.29,10782300,230.29
04/03/2014,230.3,235.73,222,225.4,10923700,225.4
04/04/2014,226.01,228.27,211.25,212.23,11345600,212.23
04/07/2014,205.81,216.2,203.51,207.52,9855500,207.52
04/08/2014,210.05,216.49,206.42,215.46,6889300,215.46
04/09/2014,216.76,218.45,210.89,216.93,5157900,216.93
04/10/2014,216.82,217.5,203.79,204.19,7211500,204.19
04/11/2014,200.61,207,198.6,203.78,9067200,203.78
4/14/2014,207.6,208.44,194.41,198.09,7703000,198.09
4/15/2014,199.09,199.29,184.32,193.91,13659300,193.91
4/16/2014,197,199.99,190.82,199.11,7202200,199.11
4/17/2014,199.61,202.29,194.08,198.12,5926800,198.12
4/21/2014,197.08,206.2,194,204.38,5258200,204.38
4/22/2014,206.36,219.33,205.01,218.64,9804700,218.64
4/23/2014,216.33,216.74,207,207.99,7295600,207.99
4/24/2014,210.81,212.8,203.2,207.86,5495200,207.86
4/25/2014,202,206.7,197.65,199.85,6996700,199.85
4/28/2014,200,203.79,190.5,198.51,7042000,198.51
4/29/2014,198.21,207.15,195.53,206.92,5779100,206.92
4/30/2014,203.6,208.16,201.28,207.89,4440600,207.89
05/01/2014,207.08,214.02,205.69,207.73,5439900,207.73
05/02/2014,208.6,211.36,206.52,210.91,4086800,210.91
05/05/2014,209.48,217.69,208.52,216.61,5147000,216.61
05/06/2014,216.6,218.66,206.85,207.28,5636700,207.28
05/07/2014,209.64,210.2,197.25,201.35,10179300,201.35
05/08/2014,182,194.4,178,178.59,20056600,178.59
05/09/2014,179.86,183.4,177.22,182.26,8495200,182.26
05/12/2014,183.87,187.19,179.88,184.67,7002300,184.67
5/13/2014,183.76,191.34,183,190.16,7097200,190.16
5/14/2014,188.95,193.48,187.1,190.62,5406700,190.62
5/15/2014,189.98,192.66,185.3,188.59,6040400,188.59
5/16/2014,188.95,192.04,187.72,191.56,4487700,191.56
5/19/2014,190.72,196.89,190,196.09,4571700,196.09
5/20/2014,196.94,199.33,193.07,195.3,5546100,195.3
5/21/2014,196.18,199.87,194.79,199.45,5285400,199.45
5/22/2014,200.35,206.88,199.56,204.88,6214500,204.88
5/23/2014,204.53,207.76,202.5,207.3,4006800,207.3
5/27/2014,208.52,213.87,207.7,211.56,5341100,211.56
5/28/2014,210.02,212.77,205.26,210.24,5495100,210.24
5/29/2014,210.57,212.49,207.72,210.24,3692500,210.24
5/30/2014,210.3,214.8,207.02,207.77,5581100,207.77
06/02/2014,207.33,209.35,201.67,204.7,4668100,204.7
06/03/2014,203.49,208,202.59,204.94,3860800,204.94
06/04/2014,204.35,206.26,200.4,203.99,3427400,203.99
06/05/2014,204.47,209.2,204.05,206.9,4054600,206.9
06/06/2014,209.75,210.81,207.18,208.17,3073800,208.17
06/09/2014,207.95,209.99,204.2,205.31,2805700,205.31
06/10/2014,204.43,206.97,201.55,202.3,3514700,202.3
06/11/2014,201.5,205,199.25,204.47,3977500,204.47
06/12/2014,205.1,209.88,202.71,203.52,5993700,203.52
6/13/2014,204.78,206.79,201.58,206.42,3544300,206.42
6/16/2014,206.76,225.49,206.26,224.61,13246400,224.61
6/17/2014,224.11,235.54,222.85,231.67,13304900,231.67
6/18/2014,231.5,231.71,226.12,227.12,6940200,227.12
6/19/2014,228.88,235.31,227,227.79,8793100,227.79
6/20/2014,228.52,231.29,226.2,229.59,4903900,229.59
6/23/2014,229.51,238.99,228.22,237.22,7791100,237.22
6/24/2014,238.97,241.88,231.63,232.5,8075900,232.5
6/25/2014,233.05,237.55,230.24,236.89,5801600,236.89
6/26/2014,237.17,240.4,234.21,235.6,5121400,235.6
6/27/2014,234.69,240,234.5,239.06,5635000,239.06
6/30/2014,239.55,244.49,239,240.06,4828600,240.06
07/01/2014,242.46,243.44,238.7,239.72,4336100,239.72
07/02/2014,240.66,242.33,227.07,229.43,8027400,229.43
07/03/2014,231.29,231.9,224,229.25,5166700,229.25
07/07/2014,227.5,229.78,220.4,222.66,5893700,222.66
07/08/2014,218.65,220.96,214.27,219.07,7836200,219.07
07/09/2014,221.27,224.22,219.21,223.06,4115400,223.06
07/10/2014,217.18,222.22,216.04,219.46,4863900,219.46
07/11/2014,220.61,221.6,217.6,218.13,3302300,218.13
7/14/2014,219.99,228.79,215.45,226.7,7203200,226.7
7/15/2014,226.73,227.65,218.1,219.58,5718500,219.58
7/16/2014,221.82,224.8,216.82,217.16,4044500,217.16
7/17/2014,216.16,220.55,213.6,215.4,4649400,215.4
7/18/2014,215.95,221.21,215.93,220.02,4253700,220.02
7/21/2014,217.25,223.21,216.72,220.54,3822200,220.54
7/22/2014,222.19,223.3,219.11,219.58,2730000,219.58
7/23/2014,220.01,224.75,219.43,222.49,3083300,222.49
7/24/2014,223.25,225.1,220.8,223.54,3245500,223.54
7/25/2014,222.72,226.97,221.75,223.57,3087100,223.57
7/28/2014,224.25,232,221.4,224.82,6514300,224.82
7/29/2014,226.61,228.3,224.86,225.01,3382400,225.01
7/30/2014,221.92,229.6,221.04,228.92,4927800,228.92
7/31/2014,229.26,231.4,221.5,223.3,7749100,223.3
08/01/2014,226.09,237.5,226,233.27,11895800,233.27
08/04/2014,234.38,240.5,233.27,238.52,5959700,238.52
08/05/2014,237.47,242.99,235.69,238.49,5388600,238.49
08/06/2014,238.9,251.42,238.58,248.93,9249300,248.93
08/07/2014,250.12,256.69,249.12,252.39,7478900,252.39
08/08/2014,251.16,251.76,246.5,248.13,5090100,248.13
08/11/2014,255.48,263.74,255,259.32,8101300,259.32
08/12/2014,258.08,260.3,254.58,259.96,6382300,259.96
8/13/2014,262.01,265.64,259.61,260.31,6932600,260.31
8/14/2014,262.49,263,256.5,261.38,4126600,261.38
8/15/2014,261.48,262.09,258.5,262.01,3867900,262.01
8/18/2014,263.25,267.26,259.75,259.94,5849200,259.94
8/19/2014,258.87,259.33,251.62,256.76,5334800,256.76
8/20/2014,254.67,258.74,253,255.71,3027900,255.71
8/21/2014,256.52,258.8,253.26,254.34,2915600,254.34
8/22/2014,254.54,256.95,252.61,256.78,2833400,256.78
8/25/2014,258.19,263.68,258.19,262.55,4318100,262.55
8/26/2014,264.98,265.5,261.66,261.74,3818000,261.74
8/27/2014,263.5,264.24,260.29,263.25,2985100,263.25
8/28/2014,261.89,264.48,261.64,263.86,2844900,263.86
8/29/2014,268.7,272,267.51,269.7,6447100,269.7
09/02/2014,275.5,284.89,274.3,284.12,9852400,284.12
09/03/2014,287.67,288,280.1,281.19,6772300,281.19
09/04/2014,284.01,291.42,280.4,286.04,8341700,286.04
09/05/2014,282.55,282.9,272.51,277.39,11169900,277.39
09/08/2014,277.62,284.88,277.52,282.11,5501600,282.11
09/09/2014,282.99,285.49,277,278.48,4558800,278.48
09/10/2014,279.5,281.41,273.66,281.1,3781300,281.1
09/11/2014,280.46,284.79,278.63,280.31,3766100,280.31
09/12/2014,280.5,282.39,277,279.2,3324600,279.2
9/15/2014,274.37,274.4,249.13,253.86,16455400,253.86
9/16/2014,255.15,262.46,252.42,260.74,8300100,260.74
9/17/2014,262.41,264.7,259.5,261.38,5177700,261.38
9/18/2014,263.36,265.6,262.32,263.82,3692600,263.82
9/19/2014,257.99,261.43,255.27,259.32,6810900,259.32
9/22/2014,255,256.02,244.71,250.03,8214100,250.03
9/23/2014,245.22,253.8,245,250.41,5658700,250.41
9/24/2014,251.12,252.84,247.04,252.14,3749500,252.14
9/25/2014,252.52,254.96,246.1,246.95,4834200,246.95
9/26/2014,248.25,249.73,246.07,246.6,3795400,246.6
9/29/2014,244,248.64,241.38,245.26,4852700,245.26
9/30/2014,246.92,247.65,240.12,242.68,4238300,242.68
10/01/2014,242.2,242.66,235.65,240.24,5941700,240.24
10/02/2014,250.2,252.79,245.36,251.42,8998200,251.42
10/03/2014,253.06,256.5,251.03,255.21,5406300,255.21
10/06/2014,259.13,262.49,257.8,260.62,7713300,260.62
10/07/2014,258.53,261.46,255.73,259.57,4485500,259.57
10/08/2014,260.1,262.88,252.64,259.28,5055100,259.28
10/09/2014,262.25,265.54,254.4,257.01,7361300,257.01
10/10/2014,244.64,245.89,235.2,236.91,12888300,236.91
10/13/2014,238.57,238.96,221,224.59,11268700,224.59
10/14/2014,228.25,232.47,223,227.06,7105300,227.06
10/15/2014,220,230.99,217.32,229.7,9147300,229.7
10/16/2014,219.72,229.92,219.1,226.35,5399300,226.35
10/17/2014,233.38,234.77,226.55,227.48,10549400,227.48
10/20/2014,226.72,232.4,225.51,230.47,3494400,230.47
10/21/2014,234.27,235.39,230.8,235.34,4130300,235.34
10/22/2014,233.19,237.39,230.56,231.1,4116600,231.1
10/23/2014,234.66,236.28,232,235.29,3492400,235.29
10/24/2014,236.27,237.8,231.2,235.24,3463300,235.24
10/27/2014,234.25,234.61,220.31,221.67,9553300,221.67
10/28/2014,229.6,244.6,228.25,242.77,10516300,242.77
10/29/2014,241.13,241.5,235.64,238.1,4962500,238.1
10/30/2014,238.14,240.5,235.06,238.66,3228400,238.66
10/31/2014,242.51,243.12,238.75,241.7,3775300,241.7
11/03/2014,243,247.56,241.32,242.59,4203800,242.59
11/04/2014,240.49,242.35,236.53,238.93,3682600,238.93
11/05/2014,241,241.36,230.53,230.97,9045900,230.97
11/06/2014,234.49,246.69,228.5,241.22,15354700,241.22
11/07/2014,242.19,242.84,237.2,240.2,5161000,240.2
11/10/2014,239.11,242.88,236.8,241.93,4577200,241.93
11/11/2014,242.55,251.82,242,251.08,7948800,251.08
11/12/2014,249.72,252.34,245.58,249.1,5870800,249.1
11/13/2014,250.62,255.75,250.25,251.7,6236000,251.7
11/14/2014,250,258.85,248.5,258.68,6101100,258.68
11/17/2014,257.49,259,252.02,253.98,4025700,253.98
11/18/2014,255.86,259.99,255.51,257.7,4473000,257.7
11/19/2014,250.61,251.88,245.6,247.74,7918500,247.74
11/20/2014,247.95,250.93,246,248.71,3587200,248.71
11/21/2014,252.21,252.78,242.17,242.78,7485100,242.78
11/24/2014,245.2,247.6,240.64,246.72,4789700,246.72
11/25/2014,247.35,249.72,246.09,248.09,3159800,248.09
11/26/2014,248.34,249,246.6,248.44,1981200,248.44
11/28/2014,245.35,246.69,242.52,244.52,2119700,244.52
12/01/2014,241.16,242.47,229.01,231.64,8619400,231.64
12/02/2014,234.57,234.88,228,231.43,5887000,231.43
12/03/2014,226.25,229.72,225.5,229.3,5307700,229.3
12/04/2014,228.6,230.9,227.81,228.28,3855600,228.28
12/05/2014,228.67,229.39,222.26,223.71,6063600,223.71
12/08/2014,221.54,224.86,212.34,214.36,9225600,214.36
12/09/2014,209.34,217.73,204.27,216.89,9431500,216.89
12/10/2014,214.13,216.77,207.7,209.84,7314100,209.84
12/11/2014,210.53,215.43,208.23,208.88,6694400,208.88
12/12/2014,204.82,211.68,204.5,207,7173800,207
12/15/2014,209.29,209.8,202.67,204.04,5218300,204.04
12/16/2014,200.89,203.68,195.37,197.81,8426100,197.81
12/17/2014,193.06,206.65,192.65,205.82,7367800,205.82
12/18/2014,212.38,218.44,211.8,218.26,7483300,218.26
12/19/2014,220.19,220.4,214.5,219.29,6910500,219.29
12/22/2014,220,224.06,218.26,222.6,4799400,222.6
12/23/2014,223.81,224.32,219.52,220.97,4505700,220.97
12/24/2014,219.77,222.5,219.25,222.26,1332200,222.26
12/26/2014,221.51,228.5,221.5,227.82,3327000,227.82
12/29/2014,226.9,227.91,224.02,225.71,2802500,225.71
12/30/2014,223.99,225.65,221.4,222.23,2903200,222.23
12/31/2014,223.09,225.68,222.25,222.41,2297500,222.41
01/02/2015,222.87,223.25,213.26,219.31,4764400,219.31
01/05/2015,214.55,216.5,207.16,210.09,5368500,210.09
01/06/2015,210.06,214.2,204.21,211.28,6261900,211.28
01/07/2015,213.35,214.78,209.78,210.95,2968400,210.95
01/08/2015,212.81,213.8,210.01,210.62,3442500,210.62
01/09/2015,208.92,209.98,204.96,206.66,4668300,206.66
01/12/2015,203.05,204.47,199.25,202.21,5950300,202.21
1/13/2015,203.32,207.61,200.91,204.25,4477300,204.25
1/14/2015,185.83,195.2,185,192.69,11513900,192.69
1/15/2015,194.49,195.75,190,191.87,5216500,191.87
1/16/2015,190.7,194.49,189.65,193.07,3603200,193.07
1/20/2015,193.87,194.12,187.04,191.93,4503200,191.93
1/21/2015,189.55,198.68,189.51,196.57,4153000,196.57
1/22/2015,197,203.24,195.2,201.62,4116900,201.62
1/23/2015,200.29,203.5,198.33,201.29,3438600,201.29
1/26/2015,201.83,208.62,201.05,206.55,3234500,206.55
1/27/2015,204.42,208.03,203.3,205.98,2781000,205.98
1/28/2015,206.11,206.37,198.42,199.37,3149600,199.37
1/29/2015,201.07,205.98,196.5,205.2,3548100,205.2
1/30/2015,203.96,207.47,203,203.6,3007000,203.6
02/02/2015,203.97,211.95,203.3,210.94,4149200,210.94
02/03/2015,213.22,220.37,211.27,218.36,4826200,218.36
02/04/2015,218.29,221.48,216.8,218.55,3305400,218.55
02/05/2015,219.88,225.48,219.64,220.99,3522900,220.99
02/06/2015,222,223.4,216.5,217.36,3243900,217.36
02/09/2015,215.38,217.93,211.99,217.48,3472400,217.48
02/10/2015,217.55,220.5,215,216.29,5390500,216.29
02/11/2015,212.21,214.74,207.28,212.8,9769100,212.8
02/12/2015,193.57,203.09,193.28,202.88,15649600,202.88
2/13/2015,202.9,205.99,200.91,203.77,6191000,203.77
2/17/2015,205.7,205.7,201.5,204.35,3979600,204.35
2/18/2015,204.17,206.17,202.6,204.46,2713600,204.46
2/19/2015,205,212.44,203.75,211.71,5154100,211.71
2/20/2015,210.78,217.6,209.81,217.11,5982100,217.11
2/23/2015,215.66,218.2,206.33,207.34,8499800,207.34
2/24/2015,207.29,207.29,201.7,204.11,6603600,204.11
2/25/2015,204.94,207.14,202.58,203.76,3909500,203.76
2/26/2015,204,211.09,202.22,207.19,6472900,207.19
2/27/2015,206.9,208.55,202.8,203.34,3882100,203.34
03/02/2015,202.7,203.34,195.83,197.33,7922100,197.33
03/03/2015,196.81,200.24,195.32,199.56,4432300,199.56
03/04/2015,199.25,202.52,197.21,202.44,4222000,202.44
03/05/2015,202.85,206.19,200.15,200.63,4877000,200.63
03/06/2015,199.21,200.75,192.15,193.88,6712400,193.88
03/09/2015,194.39,194.49,188.25,190.88,6736700,190.88
03/10/2015,188.46,193.5,187.6,190.32,5579700,190.32
03/11/2015,191.15,196.18,191.01,193.74,4974900,193.74
03/12/2015,193.75,194.45,189.75,191.07,4149300,191.07
3/13/2015,188.95,191.75,187.32,188.68,5434300,188.68
3/16/2015,192,195.91,189.8,195.7,5628800,195.7
3/17/2015,195.43,198.71,193.94,194.73,4894100,194.73
3/18/2015,194.96,200.88,193.11,200.71,4820900,200.71
3/19/2015,202,204.59,194.53,195.65,8475200,195.65
3/20/2015,197.45,198.99,195.62,198.08,4269500,198.08
3/23/2015,198.5,200.5,197.47,199.63,2631600,199.63
3/24/2015,201.58,203.79,199.75,201.72,3649900,201.72
3/25/2015,198.27,198.59,192.7,194.3,5730400,194.3
3/26/2015,193.92,194.79,189.7,190.41,4128000,190.41
3/27/2015,189.07,189.29,181.4,185,8604900,185
3/30/2015,185.85,192.25,181.8,190.57,10089500,190.57
3/31/2015,193.53,193.76,188.41,188.77,5026600,188.77
04/01/2015,188.7,192.3,186.05,187.59,3794600,187.59
04/02/2015,190.23,193.23,190,191,5010400,191
04/06/2015,198,207.75,197.5,203.1,12455800,203.1
04/07/2015,202.51,205.06,201.14,203.25,4347900,203.25
04/08/2015,208.2,210.9,205.87,207.67,6303100,207.67
04/09/2015,208.43,210.37,206.12,210.09,3800200,210.09
04/10/2015,209.85,211.65,209,210.9,4067700,210.9
4/13/2015,210.44,213,209.05,209.78,3758200,209.78
4/14/2015,208.57,209.49,205.5,207.46,3026000,207.46
4/15/2015,207.46,209.59,206.6,207.83,1952400,207.83
4/16/2015,207.7,209.17,206.29,206.7,1659100,206.7
4/17/2015,204.99,206.88,203.5,206.79,2469900,206.79
4/20/2015,206.78,207.85,203.85,205.27,2559300,205.27
4/21/2015,205.8,210.75,204.31,209.41,3432500,209.41
4/22/2015,212.5,221.88,211.69,219.44,7863000,219.44
4/23/2015,218.27,221.48,217.15,218.6,4411200,218.6
4/24/2015,220.5,220.8,218.01,218.43,2427800,218.43
4/27/2015,222.56,238.75,222,231.55,11672600,231.55
4/28/2015,234.75,235.5,228.03,230.48,6085400,230.48
4/29/2015,230.05,234.97,227.63,232.45,3936100,232.45
4/30/2015,230.39,232.89,225.17,226.05,3911900,226.05
05/01/2015,229.94,231.77,220.41,226.03,5281700,226.03
05/04/2015,228.18,234.73,227.11,230.51,4434600,230.51
05/05/2015,237.76,239.5,229.13,232.95,5796900,232.95
05/06/2015,234.1,234.47,228.2,230.43,5270900,230.43
05/07/2015,221,237.48,220.25,236.8,9455900,236.8
05/08/2015,235.99,238.41,233.7,236.61,4668200,236.61
05/11/2015,236.29,242.88,235.31,239.49,5672300,239.49
05/12/2015,240.11,246.35,238.19,244.74,6363400,244.74
5/13/2015,247.61,248.3,242.25,243.18,5440200,243.18
5/14/2015,244.82,244.89,241.25,244.1,2895900,244.1
5/15/2015,243.93,249.4,242.5,248.84,4527600,248.84
5/18/2015,247,249.9,246,248.75,3353200,248.75
5/19/2015,248.43,251,246.15,247.14,3674200,247.14
5/20/2015,247.13,247.74,241.37,244.35,3755600,244.35
5/21/2015,243.03,246.62,242.36,245.62,1970600,245.62
5/22/2015,245.38,248.6,245.01,247.73,2223100,247.73
5/26/2015,247.68,252,246.5,247.46,3498700,247.46
5/27/2015,248.51,249.5,245.55,247.43,3408200,247.43
5/28/2015,247.03,251.8,245.05,251.45,3647300,251.45
5/29/2015,251,252.87,249.43,250.8,3789300,250.8
06/01/2015,251.41,251.6,247.47,249.45,2505100,249.45
06/02/2015,248.92,249.4,246.3,248.35,2134800,248.35
06/03/2015,248.2,250.72,247.01,248.99,1775500,248.99
06/04/2015,247.5,249.3,245.71,245.92,2453600,245.92
06/05/2015,246,249.7,245.68,249.14,3022000,249.14
06/08/2015,250.85,258.75,250.31,256.29,5017000,256.29
06/09/2015,255.4,257.74,254.14,256,2611100,256
06/10/2015,251.9,254,248.5,250.7,3454500,250.7
06/11/2015,253.26,254.37,250.43,251.41,2044100,251.41
06/12/2015,250.21,253.46,250.21,250.69,1422300,250.69
6/15/2015,249.7,251.28,246.01,250.38,2186200,250.38
6/16/2015,250.13,253.44,249.1,253.12,1984700,253.12
6/17/2015,252.17,264.36,252.02,260.41,5512900,260.41
6/18/2015,262,263.46,260.02,261.89,2782700,261.89
6/19/2015,262.4,263.8,260.1,262.51,2463000,262.51
6/22/2015,262.15,264.4,255.69,259.79,4561100,259.79
6/23/2015,260.32,268,258.57,267.67,3870800,267.67
6/24/2015,266.98,267.35,263.72,265.17,2412300,265.17
6/25/2015,266.45,271.41,265.25,268.79,2849200,268.79
6/26/2015,268.89,269.11,266,267.09,3838400,267.09
6/29/2015,261.95,265.95,260.7,262.02,3478900,262.02
6/30/2015,264.8,270.92,264,268.26,3086900,268.26
07/01/2015,271.11,272.62,267.85,269.15,2101200,269.15
07/02/2015,280.2,282.45,273.31,280.02,7163900,280.02
07/06/2015,278.88,281.69,276.3,279.72,4121900,279.72
07/07/2015,275,275.2,260.77,267.88,6105100,267.88
07/08/2015,259.32,260.8,254.31,254.96,6221100,254.96
07/09/2015,259.08,262.95,256.79,257.92,3325100,257.92
07/10/2015,262.22,263,257.82,259.15,2610900,259.15
7/13/2015,262.25,262.55,256.05,262.16,2960300,262.16
7/14/2015,262.1,265.99,260.51,265.65,1907600,265.65
7/15/2015,266.74,267.49,262.08,263.14,2021600,263.14
7/16/2015,264.22,267.2,263.16,266.68,1616000,266.68
7/17/2015,272.5,275.54,268.25,274.66,5004100,274.66
7/20/2015,275,286.65,272.54,282.26,4978500,282.26
7/21/2015,270.05,273.5,266.55,266.77,6108700,266.77
7/22/2015,261.27,269.44,260.86,267.87,3105000,267.87
7/23/2015,269.65,269.9,265.27,267.2,2227200,267.2
7/24/2015,267.38,271.09,263.92,265.41,2836500,265.41
7/27/2015,262.43,264.43,250.79,253.01,4694200,253.01
7/28/2015,255.75,265.4,251.84,264.82,3895800,264.82
7/29/2015,264.27,267.89,262,263.82,2790100,263.82
7/30/2015,262.69,266.94,262.11,266.79,2034600,266.79
7/31/2015,267.6,269.36,265.12,266.15,2222600,266.15
08/03/2015,266.29,266.71,257.07,259.99,2553500,259.99
08/04/2015,260.01,266.72,258.34,266.28,2352500,266.28
08/05/2015,263.58,271,260.4,270.13,6214300,270.13
08/06/2015,249.54,255,236.12,246.13,14623800,246.13
08/07/2015,243.58,243.73,238.39,242.51,5073400,242.51
08/10/2015,238.15,242.97,236.05,241.14,4185900,241.14
08/11/2015,237.15,239.3,234.44,237.37,4264900,237.37
08/12/2015,235,239.77,232.74,238.17,3728000,238.17
8/13/2015,239.86,246.48,239.12,242.51,4689200,242.51
8/14/2015,247.24,247.93,241.77,243.15,4364800,243.15
8/17/2015,255.56,256.59,250.51,254.99,7176700,254.99
8/18/2015,255.38,260.95,253.56,260.72,4195000,260.72
8/19/2015,260.33,260.65,255.02,255.25,3596200,255.25
8/20/2015,252.06,254.56,241.9,242.18,4905800,242.18
8/21/2015,236,243.8,230.51,230.77,6590200,230.77
8/24/2015,202.79,231.4,195,218.87,9581600,218.87
8/25/2015,230.52,230.9,219.12,220.03,4327300,220.03
8/26/2015,227.93,228,215.51,224.84,4963000,224.84
8/27/2015,231,244.75,230.81,242.99,7656000,242.99
8/28/2015,241.86,251.45,241.57,248.48,5513700,248.48
8/31/2015,245.62,254.95,245.51,249.06,4700200,249.06
09/01/2015,240.34,246,236.97,238.63,5454800,238.63
09/02/2015,245.3,247.88,239.78,247.69,4629200,247.69
09/03/2015,252.06,252.08,245,245.57,4194800,245.57
09/04/2015,240.89,244.09,238.2,241.93,3689200,241.93
09/08/2015,245.05,249.16,244.05,248.17,3138200,248.17
09/09/2015,252.05,254.25,248.3,248.91,3390800,248.91
09/10/2015,247.23,250.72,245.33,248.48,2709000,248.48
09/11/2015,247.64,250.24,244.73,250.24,2350800,250.24
9/14/2015,251.1,254.25,249.67,253.19,2890900,253.19
9/15/2015,252.75,254.6,249.5,253.57,2933500,253.57
9/16/2015,253.04,262.88,252.88,262.25,4417100,262.25
9/17/2015,263.96,265.5,260.69,262.07,3585800,262.07
9/18/2015,257.96,263.82,257.5,260.62,3763100,260.62
9/21/2015,263.98,271.57,255.8,264.2,6120200,264.2
9/22/2015,259.03,262.65,255.87,260.94,3664400,260.94
9/23/2015,261.95,262.08,257.58,261.06,2600800,261.06
9/24/2015,259.53,263.45,256.21,263.12,3448200,263.12
9/25/2015,266.61,266.91,256.15,256.91,3773400,256.91
9/28/2015,257.35,259.79,246.61,248.43,4901100,248.43
9/29/2015,250.46,254.73,245.46,246.65,3703200,246.65
9/30/2015,252,252.4,242.34,248.4,4929600,248.4
10/01/2015,247.51,248.5,237.13,239.88,4573000,239.88
10/02/2015,235.6,247.7,234.93,247.57,4424000,247.57
10/05/2015,248.84,249.84,244.13,246.15,3689900,246.15
10/06/2015,240,243.03,235.58,241.46,5225200,241.46
10/07/2015,236.63,237.7,229.12,231.96,6814000,231.96
10/08/2015,230.08,230.72,221.31,226.72,6133200,226.72
10/09/2015,220.93,224.37,218.36,220.69,6158400,220.69
10/12/2015,222.99,223,215.27,215.58,3836300,215.58
10/13/2015,213.28,222.52,211.13,219.25,5171500,219.25
10/14/2015,220.67,220.95,215.43,216.88,3104400,216.88
10/15/2015,216.43,221.73,213.7,221.31,2844200,221.31
10/16/2015,223.04,230.48,222.87,227.01,4334500,227.01
10/19/2015,226.5,231.15,224.94,228.1,2507900,228.1
10/20/2015,227.72,228.6,202,213.03,14863300,213.03
10/21/2015,211.99,214.81,208.8,210.09,4151500,210.09
10/22/2015,211.56,215.75,209.4,211.72,2825200,211.72
10/23/2015,215,215.35,207.69,209.09,4235500,209.09
10/26/2015,211.38,215.88,210,215.26,3391400,215.26
10/27/2015,214.84,217.1,207.51,210.35,3519400,210.35
10/28/2015,211.31,213.45,208.3,212.96,2728600,212.96
10/29/2015,211.75,213.75,210.64,211.63,1805000,211.63
10/30/2015,210.4,211.63,203.89,206.93,4438900,206.93
11/02/2015,208.92,215.8,207.22,213.79,3927900,213.79
11/03/2015,213.85,214.44,207.75,208.35,8332500,208.35
11/04/2015,227,232.74,225.2,231.63,12726400,231.63
11/05/2015,230.58,234.58,229.19,231.77,4496800,231.77
11/06/2015,230.7,233.36,229.5,232.36,2445300,232.36
11/09/2015,232.99,232.99,224.31,225.33,3850900,225.33
11/10/2015,223.48,223.7,216.08,216.5,4617000,216.5
11/11/2015,217.77,219.48,213.63,219.08,3347800,219.08
11/12/2015,217.85,219,212.66,212.94,2915900,212.94
11/13/2015,212.95,212.99,206.52,207.19,3430300,207.19
11/16/2015,206.09,214.98,205.8,214.31,2925400,214.31
11/17/2015,215.2,216,211.4,214,2148700,214
11/18/2015,214.5,221.38,212.52,221.07,2811900,221.07
11/19/2015,220.54,226.19,220.3,221.8,2504400,221.8
11/20/2015,223.49,225,213.58,220.01,4400700,220.01
11/23/2015,217.35,219.18,214.68,217.75,2526200,217.75
11/24/2015,215.37,221,215,218.25,2480300,218.25
11/25/2015,221.34,230.83,220.38,229.64,3990800,229.64
11/27/2015,231.06,232.25,227.01,231.61,1949400,231.61
11/30/2015,231.79,234.28,229.08,230.26,2659800,230.26
12/01/2015,231.06,238,231.05,237.19,3734000,237.19
12/02/2015,237,238.6,231.23,231.99,2981500,231.99
12/03/2015,235.48,237.45,230,232.71,2939600,232.71
12/04/2015,232.46,233.27,227.66,230.38,2573600,230.38
12/07/2015,227.7,235.63,226.15,231.13,3144200,231.13
12/08/2015,227.52,228.8,224.2,226.72,2687600,226.72
12/09/2015,226.7,227.5,220.72,224.52,3057800,224.52
12/10/2015,224.71,228.49,223.64,227.07,2067000,227.07
12/11/2015,225.24,225.75,216.64,217.02,3268700,217.02
12/14/2015,217.51,220.92,214.87,218.58,2827100,218.58
12/15/2015,221.82,222.22,218,221.09,2244400,221.09
12/16/2015,222.1,234.88,220.73,234.51,5104300,234.51
12/17/2015,233.94,237.76,229.81,233.39,3298600,233.39
12/18/2015,232.89,235.9,229.29,230.46,3014200,230.46
12/21/2015,231.69,235.83,231.08,232.56,1953200,232.56
12/22/2015,234.99,236.55,229.63,229.95,1961500,229.95
12/23/2015,232.18,233.45,228.13,229.7,1555000,229.7
12/24/2015,230.56,231.88,228.28,230.57,708000,230.57
12/28/2015,231.49,231.98,225.54,228.95,1901300,228.95
12/29/2015,230.06,237.72,229.55,237.19,2406300,237.19
12/30/2015,236.6,243.63,235.67,238.09,3697900,238.09
12/31/2015,238.51,243.45,238.37,240.01,2683200,240.01
01/04/2016,230.72,231.38,219,223.41,6827100,223.41
01/05/2016,226.36,226.89,220,223.43,3186800,223.43
01/06/2016,220,220.05,215.98,219.04,3779100,219.04
01/07/2016,214.19,218.44,213.67,215.65,3554300,215.65
01/08/2016,217.86,220.44,210.77,211,3628100,211
01/11/2016,214.01,214.45,203,207.85,4091400,207.85
01/12/2016,211.6,213.74,205.31,209.97,3091900,209.97
1/13/2016,212.01,212.65,200,200.31,4126400,200.31
1/14/2016,202.21,210,193.38,206.18,6490700,206.18
1/15/2016,198.97,205.07,197.25,204.99,5322200,204.99
1/19/2016,208.71,210.47,200.78,204.72,4038700,204.72
1/20/2016,199.4,201.28,191.25,198.7,5838600,198.7
1/21/2016,201.55,203.23,195.02,199.97,3166200,199.97
1/22/2016,204.8,205.5,199.03,202.55,3124100,202.55
1/25/2016,200.06,203.57,195.88,196.38,2698700,196.38
1/26/2016,196.7,197.82,188.88,193.56,4964200,193.56
1/27/2016,192.38,193.26,185.77,188.07,3617200,188.07
1/28/2016,190.79,191.28,182.41,189.7,4592800,189.7
1/29/2016,189.95,193.74,188.08,191.2,2852300,191.2
02/01/2016,188.76,199.52,182.75,196.94,5297600,196.94
02/02/2016,192.42,193.12,180.23,182.78,5773600,182.78
02/03/2016,183.59,183.94,170.18,173.48,7931400,173.48
02/04/2016,170.7,175.98,166.99,175.33,4385400,175.33
02/05/2016,171.3,173,157.74,162.6,9437600,162.6
02/08/2016,157.1,157.15,146,147.99,9313000,147.99
02/09/2016,142.32,159.79,141.05,148.25,8651600,148.25
02/10/2016,150.5,154.97,141.74,143.67,10406500,143.67
02/11/2016,152,163.26,147,150.47,14252400,150.47
02/12/2016,155,157.01,143.7,151.04,7235800,151.04
2/16/2016,158.7,162.95,154.11,155.17,5593800,155.17
2/17/2016,159,169.34,156.68,168.68,5825200,168.68
2/18/2016,172.42,172.95,164.77,166.77,3887600,166.77
2/19/2016,163.66,167.49,162.5,166.58,2959400,166.58
2/22/2016,170.12,178.91,169.85,177.74,5060100,177.74
2/23/2016,176.16,181.73,173.68,177.21,5984400,177.21
2/24/2016,172.75,179.5,167.84,179,5395600,179
2/25/2016,178.65,188.52,175.2,187.43,5750700,187.43
2/26/2016,188.7,192,185,190.34,6065100,190.34
2/29/2016,192.4,196.35,189.22,191.93,4499000,191.93
03/01/2016,194.25,195.95,182.7,186.35,6712200,186.35
03/02/2016,183.73,188.52,181.5,188.34,4862400,188.34
03/03/2016,188.28,197.42,184.22,195.74,4829000,195.74
03/04/2016,198,204.03,197.5,201.04,6489100,201.04
03/07/2016,197.68,209.7,197.4,205.29,5329400,205.29
03/08/2016,203.5,207.5,202.2,202.6,4178700,202.6
03/09/2016,204.52,209.37,202.79,208.72,3208600,208.72
03/10/2016,210,213.29,200.67,205.18,5192500,205.18
03/11/2016,207.93,209.42,205.33,207.5,3343100,207.5
3/14/2016,212.65,216.72,210.64,215.15,4065700,215.15
3/15/2016,214.27,218.97,211.5,218.34,3180500,218.34
3/16/2016,218,222.58,217.02,221.93,3516700,221.93
3/17/2016,221.47,228.5,220,226.38,3782900,226.38
3/18/2016,229.1,234.48,228.06,232.74,4711800,232.74
3/21/2016,235.34,239.88,235,238.32,5307800,238.32
3/22/2016,237.21,238.99,232.56,234.24,4316000,234.24
3/23/2016,232.37,234.73,222.03,222.58,4948800,222.58
3/24/2016,215.78,228.89,215,227.75,4960900,227.75
3/28/2016,231.61,234.81,225,230.26,3925700,230.26
3/29/2016,229.89,232.38,225.33,230.13,4014300,230.13
3/30/2016,235.09,235.5,226.5,226.89,4033000,226.89
3/31/2016,229.34,237.42,225.01,229.77,8012900,229.77
04/01/2016,244.83,247.9,233.25,237.59,15997500,237.59
04/04/2016,249.12,252.12,243.64,246.99,13475300,246.99
04/05/2016,240.5,256.56,240,255.47,9948700,255.47
04/06/2016,253.97,267.74,253.45,265.42,11705500,265.42
04/07/2016,266.45,269.34,254.51,257.2,8856200,257.2
04/08/2016,260.5,260.82,248.02,250.07,7363900,250.07
04/11/2016,251,258.99,245.3,249.92,9161700,249.92
04/12/2016,249.5,251.8,243.63,247.82,5763200,247.82
4/13/2016,248.51,255.5,247.33,254.53,4925600,254.53
4/14/2016,253,256.84,251.05,251.86,4132200,251.86
4/15/2016,251.31,254.6,249.12,254.51,3752400,254.51
4/18/2016,252.23,258.31,251.66,253.88,4261800,253.88
4/19/2016,253.12,254.37,241.25,247.37,6357500,247.37
4/20/2016,246.26,253.66,241.5,249.97,5194100,249.97
4/21/2016,248.99,250.9,246.91,248.29,2783100,248.29
4/22/2016,248.89,254,245.71,253.75,3786300,253.75
4/25/2016,253.01,257.38,250.76,251.82,3670300,251.82
4/26/2016,252.05,255.73,249.39,253.74,3223800,253.74
4/27/2016,252.75,255,249.4,251.47,3205800,251.47
4/28/2016,249.85,253.43,247.44,247.71,2519000,247.71
4/29/2016,248.14,248.43,237.81,240.76,5413800,240.76
05/02/2016,241.5,243.19,234.82,241.8,3843900,241.8
05/03/2016,237.36,238.91,231.62,232.32,4302200,232.32
05/04/2016,230.29,234.46,220.4,222.56,8700500,222.56
05/05/2016,228.46,228.64,209.79,211.53,11254800,211.53
05/06/2016,210.87,216.37,208.11,214.93,5681100,214.93
05/09/2016,215.72,216.15,206.8,208.92,4776400,208.92
05/10/2016,207.55,209.47,205,208.69,4070600,208.69
05/11/2016,207.59,215.48,206.05,208.96,5161900,208.96
05/12/2016,211.44,211.67,203.66,207.28,3650500,207.28
5/13/2016,207.78,211.2,206.7,207.61,2822800,207.61
5/16/2016,208.15,213.15,207.92,208.29,2949400,208.29
5/17/2016,209.05,209.82,204.02,204.66,2843600,204.66
5/18/2016,209.15,215.31,207.75,211.17,5617500,211.17
5/19/2016,213.62,216.79,207.3,215.21,6866300,215.21
5/20/2016,216.99,220.55,216.35,220.28,9007100,220.28
5/23/2016,219.87,222.6,215.86,216.22,5102500,216.22
5/24/2016,216.6,218.74,215.18,217.91,3013800,217.91
5/25/2016,217.91,221.36,216.51,219.58,3126800,219.58
5/26/2016,220.5,225.26,219.05,225.12,4072400,225.12
5/27/2016,224.99,225.93,220.75,223.04,3642700,223.04
5/31/2016,223.04,224.75,221.5,223.23,2789000,223.23
06/01/2016,221.48,222.4,216.89,219.56,2982700,219.56
06/02/2016,219.59,219.91,217.11,218.96,2032800,218.96
06/03/2016,220,221.94,218.01,218.99,2229000,218.99
06/06/2016,218,220.9,215.45,220.68,2249500,220.68
06/07/2016,222.24,234.44,221.52,232.34,6213600,232.34
06/08/2016,233.8,240.85,232.61,235.52,5972000,235.52
06/09/2016,234.98,235.33,227.06,229.36,4492100,229.36
06/10/2016,227.39,227.97,218.42,218.79,6026600,218.79
6/13/2016,219.5,225.77,217.66,217.87,4193000,217.87
6/14/2016,218.88,222.2,212.53,214.96,3580200,214.96
6/15/2016,216.95,221.9,215.13,217.7,2908500,217.7
6/16/2016,217.42,218.04,213.5,217.93,2440300,217.93
6/17/2016,217.81,219.99,214.5,215.47,3112600,215.47
6/20/2016,219.5,223.75,218.23,219.7,3555500,219.7
6/21/2016,220.68,222.57,218.81,219.61,4529000,219.61
6/22/2016,199.47,205.95,195.75,196.66,23742400,196.66
6/23/2016,195.69,197.55,192.13,196.4,10130700,196.4
6/24/2016,190.05,195.12,189.73,193.15,7026500,193.15
6/27/2016,190.86,198.81,187.87,198.55,7205400,198.55
6/28/2016,201.89,204.05,199.41,201.79,6212400,201.79
6/29/2016,205.13,211.78,203,210.19,5994900,210.19
6/30/2016,212.97,213.5,209.02,212.28,4843100,212.28
07/01/2016,206.14,218.24,206,216.5,5400000,216.5
07/05/2016,209.73,214.54,208,213.98,5175300,213.98
07/06/2016,210,215.23,209,214.44,4919900,214.44
07/07/2016,213.1,218.12,213.01,215.94,3612000,215.94
07/08/2016,217.8,219.81,214.5,216.78,4074800,216.78
07/11/2016,219.96,226.78,219.51,224.78,5429800,224.78
07/12/2016,224.1,227.5,223.22,224.65,4571300,224.65
7/13/2016,225.5,225.59,220.29,222.53,3567100,222.53
7/14/2016,223.12,224.94,221.05,221.53,2675800,221.53
7/15/2016,222.52,222.75,219.64,220.4,2234200,220.4
7/18/2016,219.64,227.09,218.3,226.25,3412100,226.25
7/19/2016,225,229.1,224.75,225.26,3115100,225.26
7/20/2016,226.47,229.8,225,228.36,2568500,228.36
7/21/2016,226,227.85,219.1,220.5,4428700,220.5
7/22/2016,221.99,224.5,218.88,222.27,2579700,222.27
7/25/2016,222.27,231.39,221.37,230.01,4490700,230.01
7/26/2016,227.69,230,225.3,229.51,3430000,229.51
7/27/2016,229.34,233.36,226.92,228.49,2889000,228.49
7/28/2016,227.95,230.76,226.6,230.61,2419100,230.61
7/29/2016,230.7,235.28,230.24,234.79,3070800,234.79
08/01/2016,235.5,236.63,229.38,230.01,4016300,230.01
08/02/2016,229.37,229.87,221.4,227.2,3934400,227.2
08/03/2016,227.37,229.7,224.21,225.79,3887800,225.79
08/04/2016,225.69,230.86,222.05,230.61,4147000,230.61
08/05/2016,230,232,227.4,230.03,3205200,230.03
08/08/2016,228,229.6,226.09,226.16,2263600,226.16
08/09/2016,226.82,231.54,226.65,229.08,2207800,229.08
08/10/2016,228.24,229.87,224.62,225.65,2338300,225.65
08/11/2016,226.17,227.57,223.41,224.91,1880900,224.91
08/12/2016,225.41,226.65,224.04,225.61,1813500,225.61
8/15/2016,226.02,229.5,224.93,225.59,2034300,225.59
8/16/2016,225.49,227.19,223.41,223.61,2267100,223.61
8/17/2016,224.33,224.83,222.8,223.24,1787100,223.24
8/18/2016,223.82,225.66,222.29,223.51,1714500,223.51
8/19/2016,223.54,225.17,222.53,225,1659500,225
8/22/2016,224.17,225.11,222.68,222.93,2065500,222.93
8/23/2016,224.32,228.49,222.8,224.84,4784400,224.84
8/24/2016,227.05,227.15,222.22,222.62,2570700,222.62
8/25/2016,223.11,223.8,220.77,220.96,1762500,220.96
8/26/2016,222.14,222.86,218.82,219.99,2239000,219.99
8/29/2016,220.15,220.4,215,215.2,3266300,215.2
8/30/2016,216.11,216.11,210.52,211.34,3168900,211.34
8/31/2016,210.43,212.6,208.65,212.01,3276500,212.01
09/01/2016,209.01,211.1,200.5,200.77,7943100,200.77
09/02/2016,202.33,203.2,196.2,197.78,5977400,197.78
09/06/2016,199.02,203.25,199,202.83,4390600,202.83
09/07/2016,205.5,206.5,200.71,201.71,3640900,201.71
09/08/2016,199.55,199.89,196.36,197.36,3377900,197.36
09/09/2016,199.09,199.92,193.7,194.47,3757000,194.47
09/12/2016,195,201.37,194.1,198.3,3715200,198.3
9/13/2016,197.06,198.49,193.45,196.05,3589400,196.05
9/14/2016,195.75,197.92,194.86,196.41,2254500,196.41
9/15/2016,196.49,202.52,196.4,200.42,3077200,200.42
9/16/2016,200.42,205.7,199,205.4,3107800,205.4
9/19/2016,207,209.43,205,206.34,2299500,206.34
9/20/2016,206.85,207.75,203.91,204.64,2410500,204.64
9/21/2016,206.37,207,201.56,205.22,2633500,205.22
9/22/2016,206.4,207.28,203,206.43,2382900,206.43
9/23/2016,205.99,210.18,205.67,207.45,2905200,207.45
9/26/2016,206.5,211,206.5,208.99,2394400,208.99
9/27/2016,209.65,209.98,204.61,205.81,3373200,205.81
9/28/2016,207.51,208.25,205.26,206.27,2088400,206.27
9/29/2016,205.6,207.33,200.58,200.7,2727000,200.7
9/30/2016,202.21,204.98,199.55,204.03,2586300,204.03
10/03/2016,212.3,215.67,208.25,213.7,5999900,213.7
10/04/2016,213.1,213.32,208.82,211.41,3541500,211.41
10/05/2016,212.24,213.15,208.12,208.46,1877500,208.46
10/06/2016,202.46,204.21,200.21,201,4703400,201
10/07/2016,201,201.32,195.8,196.61,3493000,196.61
10/10/2016,201.35,204.14,199.66,200.95,3316300,200.95
10/11/2016,201.85,202.2,198.31,200.1,2328400,200.1
10/12/2016,200.95,203.88,200.42,201.51,1970700,201.51
10/13/2016,200.5,200.9,197.05,200.24,2494600,200.24
10/14/2016,200.66,201.43,196.3,196.51,4269900,196.51
10/17/2016,197.05,198.39,192,193.96,4554100,193.96
10/18/2016,195.99,199.47,193.26,199.1,5680500,199.1
10/19/2016,199.74,206.66,198.06,203.56,6991200,203.56
10/20/2016,202.12,203,197.05,199.1,5072900,199.1
10/21/2016,198.6,201.57,197.41,200.09,2943400,200.09
10/24/2016,201,203.95,200.25,202.76,2751600,202.76
10/25/2016,202.9,204.69,201.2,202.34,2445000,202.34
10/26/2016,201,203.19,200.1,202.24,5632800,202.24
10/27/2016,211.34,213.7,201.65,204.01,13093700,204.01
10/28/2016,204,205.32,199.83,199.97,4280100,199.97
10/31/2016,202.49,202.49,195.81,197.73,4692300,197.73
11/01/2016,198.04,198.5,188.11,190.79,7060000,190.79
11/02/2016,190.05,192.7,187.51,188.02,4253400,188.02
11/03/2016,189,191.47,187.04,187.42,2653000,187.42
11/04/2016,189,193.46,185.96,190.56,5146000,190.56
11/07/2016,193.59,194.29,190.05,193.21,3870100,193.21
11/08/2016,193.79,197.49,191.26,194.94,3267600,194.94
11/09/2016,186.88,192,183.95,190.06,8173100,190.06
11/10/2016,191.05,191.61,180.42,185.35,6750300,185.35
11/11/2016,184.24,188.88,183,188.56,3988500,188.56
11/14/2016,188,188.25,178.19,181.45,6552200,181.45
11/15/2016,182.78,186.43,182.05,183.77,3902000,183.77
11/16/2016,182.65,184.73,181.21,183.93,3434400,183.93
11/17/2016,183.49,189.49,182.11,188.66,4887100,188.66
11/18/2016,190.65,193,185,185.02,5210300,185.02
11/21/2016,185.04,188.89,184.41,184.52,4361000,184.52
11/22/2016,185.84,191.47,183.71,191.17,5603400,191.17
11/23/2016,190.61,195.64,189,193.14,4891900,193.14
11/25/2016,193.64,197.24,193.64,196.65,2366100,196.65
11/28/2016,195.48,199.35,194.55,196.12,4529200,196.12
11/29/2016,195.56,196.73,189.5,189.57,4439300,189.57
11/30/2016,191,191.89,187.5,189.4,3547100,189.4
12/01/2016,188.25,188.53,181,181.88,5126400,181.88
12/02/2016,182.88,184.88,180,181.47,4042300,181.47
12/05/2016,182.51,188.89,182.51,186.8,4072200,186.8
12/06/2016,185.52,186.58,182.68,185.85,3391600,185.85
12/07/2016,186.15,193.4,185,193.15,5461900,193.15
12/08/2016,192.05,192.5,189.54,192.29,3194100,192.29
12/09/2016,190.87,193.84,190.81,192.18,2722500,192.18
12/12/2016,192.8,194.42,191.18,192.43,2438900,192.43
12/13/2016,193.18,201.28,193,198.15,6823900,198.15
12/14/2016,198.74,203,196.76,198.69,4150900,198.69
12/15/2016,198.41,200.74,197.39,197.58,3219600,197.58
12/16/2016,198.08,202.59,197.6,202.49,3796900,202.49
12/19/2016,202.49,204.45,199.84,202.73,3488100,202.73
12/20/2016,203.05,209,202.5,208.79,4689100,208.79
12/21/2016,208.45,212.23,207.41,207.7,5207600,207.7
12/22/2016,208.22,209.99,206.5,208.45,3111100,208.45
12/23/2016,208,213.45,207.71,213.34,4670500,213.34
12/27/2016,214.88,222.25,214.42,219.53,5915700,219.53
12/28/2016,221.53,223.8,217.2,219.74,3782500,219.74
12/29/2016,218.56,219.2,214.12,214.68,4045000,214.68
12/30/2016,216.3,217.5,211.68,213.69,4642600,213.69
01/03/2017,214.86,220.33,210.96,216.99,5923300,216.99
01/04/2017,214.75,228,214.31,226.99,11213500,226.99
01/05/2017,226.42,227.48,221.95,226.75,5911700,226.75
01/06/2017,226.93,230.31,225.45,229.01,5527900,229.01
01/09/2017,228.97,231.92,228,231.28,3957000,231.28
01/10/2017,232,232,226.89,229.87,3660000,229.87
01/11/2017,229.07,229.98,226.68,229.73,3650800,229.73
01/12/2017,229.06,230.7,225.58,229.59,3790200,229.59
1/13/2017,230,237.85,229.59,237.75,6093000,237.75
1/17/2017,236.7,239.96,234.37,235.58,4617500,235.58
1/18/2017,236.65,239.71,235.58,238.36,3769000,238.36
1/19/2017,247.25,248.68,240.75,243.76,7732300,243.76
1/20/2017,245.46,246,243.01,244.73,4204300,244.73
1/23/2017,245.85,250.89,245.5,248.92,6262900,248.92
1/24/2017,250,254.8,249.65,254.61,4965500,254.61
1/25/2017,257.31,258.46,251.8,254.47,5142600,254.47
1/26/2017,254.29,255.74,250.75,252.51,3152100,252.51
1/27/2017,251.38,253,248.52,252.95,3166300,252.95
1/30/2017,252.53,255.29,247.1,250.63,3801100,250.63
1/31/2017,249.24,255.89,247.7,251.93,4116100,251.93
02/01/2017,253.05,253.2,249.05,249.24,3958800,249.24
02/02/2017,248.34,252.42,247.71,251.55,2499800,251.55
02/03/2017,251.91,252.18,249.68,251.33,2186700,251.33
02/06/2017,251,257.82,250.63,257.77,3562500,257.77
02/07/2017,258.19,260,256.42,257.48,4244800,257.48
02/08/2017,257.35,263.36,256.2,262.08,3933000,262.08
02/09/2017,266.25,271.18,266.15,269.2,7820200,269.2
02/10/2017,269.79,270.95,266.11,269.23,3619700,269.23
2/13/2017,270.74,280.79,270.51,280.6,7029600,280.6
2/14/2017,279.03,287.39,278.61,280.98,7329400,280.98
2/15/2017,280,282.24,276.44,279.76,4935600,279.76
2/16/2017,277.6,280,268.5,268.95,7053800,268.95
2/17/2017,265.8,272.89,264.15,272.23,6247600,272.23
2/21/2017,275.45,281.4,274.01,277.39,5634500,277.39
2/22/2017,280.31,283.45,272.6,273.51,8081400,273.51
2/23/2017,264,264.66,255.56,255.99,14867000,255.99
2/24/2017,252.66,258.25,250.2,257,8160500,257
2/27/2017,248.17,248.36,242.01,246.23,11432900,246.23
2/28/2017,244.19,251,243.9,249.99,6065600,249.99
03/01/2017,254.18,254.85,249.11,250.02,4800300,250.02
03/02/2017,249.71,253.28,248.27,250.48,3342300,250.48
03/03/2017,250.74,251.9,249,251.57,2919400,251.57
03/06/2017,247.91,251.7,247.51,251.21,3351200,251.21
03/07/2017,251.92,253.89,248.32,248.59,3449200,248.59
03/08/2017,247,250.07,245.32,246.87,3725200,246.87
03/09/2017,247.63,248.66,243,244.9,3861500,244.9
03/10/2017,246.21,246.5,243,243.69,3057000,243.69
3/13/2017,244.82,246.85,242.78,246.17,3010700,246.17
3/14/2017,246.11,258.12,246.02,258,7575500,258
3/15/2017,257,261,254.27,255.73,4816600,255.73
3/16/2017,262.4,265.75,259.06,262.05,7100400,262.05
3/17/2017,264,265.33,261.2,261.5,6475900,261.5
